location,rooms,sqm_m2,price_normalized,trieu_met_vuong,rooms_normalized
Binh Chanh,1 PN,38,760.0,20.0,1
Binh Chanh,2 PN,72,2780.0,38.61,2
Binh Chanh,2 PN,72,2750.0,38.19,2
Binh Chanh,2 PN,72,2249.0,31.24,2
Binh Chanh,2 PN,70,2800.0,40.0,2
Binh Chanh,2 PN,70,840.0,12.0,2
Binh Chanh,2 PN,69,2846.0,41.25,2
Binh Chanh,2 PN,69,2754.0,39.91,2
Binh Chanh,2 PN,69,2736.0,39.65,2
Binh Chanh,2 PN,69,1900.0,27.54,2
Binh Chanh,2 PN,69,720.0,10.43,2
Binh Chanh,2 PN,69,680.0,9.86,2
Binh Chanh,2 PN,67,2450.0,36.57,2
Binh Chanh,2 PN,67,2100.0,31.34,2
Binh Chanh,2 PN,67,1450.0,21.64,2
Binh Chanh,2 PN,72,2780.0,38.61,2
Binh Chanh,2 PN,65,2900.0,44.62,2
Binh Chanh,2 PN,65,2440.0,37.54,2
Binh Chanh,2 PN,65,2250.0,34.62,2
Binh Chanh,2 PN,65,2100.0,32.31,2
Binh Chanh,2 PN,65,2100.0,32.31,2
Binh Chanh,2 PN,65,2035.0,31.31,2
Binh Chanh,2 PN,65,600.0,9.23,2
Binh Chanh,2 PN,64,2100.0,32.81,2
Binh Chanh,2 PN,60,2500.0,41.67,2
Binh Chanh,2 PN,60,2200.0,36.67,2
Binh Chanh,2 PN,60,1900.0,31.67,2
Binh Chanh,2 PN,60,750.0,12.5,2
Binh Chanh,2 PN,60,700.0,11.67,2
Binh Chanh,2 PN,60,700.0,11.67,2
Binh Chanh,2 PN,60,600.0,10.0,2
Binh Chanh,2 PN,65,2800.0,43.08,2
Binh Chanh,2 PN,73,3800.0,52.05,2
Binh Chanh,2 PN,74,1650.0,22.3,2
Binh Chanh,2 PN,74,1650.0,22.3,2
Binh Chanh,3 PN,160,2950.0,18.44,3
Binh Chanh,3 PN,113,4407.0,39.0,3
Binh Chanh,3 PN,105,2400.0,22.86,3
Binh Chanh,3 PN,101,2280.0,22.69,3
Binh Chanh,3 PN,90,1800.0,20.0,3
Binh Chanh,3 PN,85,2824.0,33.22,3
Binh Chanh,3 PN,85,1500.0,17.65,3
Binh Chanh,3 PN,85,1200.0,14.12,3
Binh Chanh,3 PN,85,980.0,11.53,3
Binh Chanh,3 PN,85,950.0,11.18,3
Binh Chanh,3 PN,85,945.0,11.12,3
Binh Chanh,3 PN,85,799.0,9.4,3
Binh Chanh,3 PN,83,2000.0,24.1,3
Binh Chanh,3 PN,78,2250.0,28.85,3
Binh Chanh,3 PN,71,2550.0,35.92,3
Binh Chanh,3 PN,67,1200.0,17.86,3
Binh Chanh,3 PN,64,750.0,11.72,3
Binh Chanh,2 PN,76,1900.0,25.0,2
Binh Chanh,2 PN,78,2650.0,33.97,2
Binh Chanh,2 PN,78,2900.0,37.18,2
Binh Chanh,2 PN,78,2900.0,37.18,2
Binh Chanh,2 PN,78,3300.0,42.31,2
Binh Chanh,2 PN,79,3650.0,45.99,2
Binh Chanh,2 PN,60,600.0,10.0,2
Binh Chanh,2 PN,80,2000.0,25.16,2
Binh Chanh,2 PN,80,3562.0,44.53,2
Binh Chanh,2 PN,83,1900.0,22.89,2
Binh Chanh,2 PN,83,2750.0,33.13,2
Binh Chanh,2 PN,125,1750.0,14.0,2
Binh Chanh,3 PN,40,790.0,19.75,3
Binh Chanh,3 PN,45,790.0,17.56,3
Binh Chanh,2 PN,80,2100.0,26.25,2
Binh Chanh,2 PN,60,599.0,9.98,2
Binh Chanh,3 PN,82,2800.0,34.15,3
Binh Chanh,2 PN,59,2360.0,40.0,2
Binh Chanh,2 PN,59,660.0,11.19,2
Binh Chanh,2 PN,59,649.0,11.0,2
Binh Chanh,2 PN,58,2600.0,44.83,2
Binh Chanh,2 PN,56,2850.0,50.89,2
Binh Chanh,2 PN,56,2450.0,43.75,2
Binh Chanh,2 PN,56,2265.0,40.45,2
Binh Chanh,2 PN,56,2250.0,40.18,2
Binh Chanh,2 PN,56,2200.0,39.29,2
Binh Chanh,2 PN,56,2200.0,39.29,2
Binh Chanh,2 PN,54,1600.0,29.63,2
Binh Chanh,2 PN,52,1700.0,32.69,2
Binh Chanh,2 PN,51,1450.0,28.43,2
Binh Chanh,2 PN,50,1690.0,33.8,2
Binh Chanh,2 PN,50,1650.0,33.0,2
Binh Chanh,2 PN,59,660.0,11.19,2
Binh Chanh,2 PN,50,1630.0,32.6,2
Binh Chanh,2 PN,50,1500.0,30.0,2
Binh Chanh,2 PN,50,1500.0,30.0,2
Binh Chanh,2 PN,50,1420.0,28.4,2
Binh Chanh,2 PN,50,1380.0,27.6,2
Binh Chanh,2 PN,48,1600.0,33.33,2
Binh Chanh,2 PN,40,1100.0,27.5,2
Binh Chanh,1 PN,54,1750.0,32.41,1
Binh Chanh,1 PN,50,2700.0,53.82,1
Binh Chanh,1 PN,50,100.0,2.0,1
Binh Chanh,1 PN,46,1049.0,22.8,1
Binh Chanh,1 PN,42,1800.0,42.86,1
Binh Chanh,1 PN,42,550.0,13.1,1
Binh Chanh,1 PN,40,1170.0,29.25,1
Binh Chanh,2 PN,59,2900.0,49.15,2
Binh Chanh,2 PN,50,1500.0,30.0,2
Binh Chanh,2 PN,59,660.0,11.19,2
Binh Chanh,2 PN,56,2260.0,40.36,2
Binh Chanh,2 PN,59,689.0,11.68,2
Binh Chanh,2 PN,59,2100.0,35.59,2
Binh Chanh,2 PN,59,2109.0,35.75,2
Binh Chanh,2 PN,59,2150.0,36.44,2
Binh Chanh,2 PN,59,2158.0,36.58,2
Binh Chanh,2 PN,59,2200.0,37.29,2
Binh Chanh,2 PN,59,666.67,11.3,2
Binh Chanh,2 PN,59,2100.0,35.59,2
Binh Chanh,2 PN,59,2200.0,37.29,2
Binh Chanh,2 PN,59,2200.0,37.29,2
Binh Chanh,2 PN,59,2279.0,38.63,2
Binh Chanh,2 PN,59,2300.0,38.98,2
Binh Chanh,2 PN,59,2300.0,38.98,2
Binh Chanh,2 PN,59,2300.0,38.98,2
Binh Chanh,2 PN,59,2301.0,39.0,2
Binh Chanh,2 PN,59,2200.0,37.29,2
Binh Chanh,2 PN,59,2100.0,35.59,2
Binh Chanh,2 PN,59,2200.0,37.29,2
Binh Chanh,2 PN,59,2100.0,35.59,2
Binh Chanh,2 PN,59,2100.0,35.59,2
Binh Chanh,2 PN,59,722.0,12.24,2
Binh Chanh,2 PN,59,1800.0,30.51,2
Binh Chanh,2 PN,59,1900.0,32.2,2
Binh Chanh,2 PN,59,1900.0,32.2,2
Binh Chanh,2 PN,59,1900.0,32.2,2
Binh Chanh,2 PN,59,1900.0,32.2,2
Binh Chanh,2 PN,59,2000.0,33.9,2
Binh Chanh,2 PN,59,2087.0,35.37,2
Binh Chanh,2 PN,59,2100.0,35.59,2
Binh Chanh,2 PN,59,2100.0,35.59,2
Binh Chanh,2 PN,59,2100.0,35.59,2
Binh Chanh,2 PN,59,700.0,11.86,2
Binh Chanh,2 PN,59,2000.0,33.9,2
Binh Tan,2 PN,75,2716.0,36.21,2
Binh Tan,2 PN,75,2580.0,34.4,2
Binh Tan,2 PN,75,2650.0,35.33,2
Binh Tan,2 PN,75,2650.0,35.33,2
Binh Tan,2 PN,75,2620.0,34.93,2
Binh Tan,2 PN,75,2620.0,34.93,2
Binh Tan,2 PN,75,2600.0,34.67,2
Binh Tan,2 PN,75,2500.0,33.33,2
Binh Tan,2 PN,70,1970.0,28.14,2
Binh Tan,2 PN,72,1950.0,27.12,2
Binh Tan,2 PN,71,2850.0,40.14,2
Binh Tan,2 PN,71,1850.0,26.06,2
Binh Tan,2 PN,70,2800.0,40.0,2
Binh Tan,2 PN,70,2300.0,32.86,2
Binh Tan,2 PN,70,1850.0,26.43,2
Binh Tan,2 PN,75,2730.0,36.4,2
Binh Tan,2 PN,70,1850.0,26.43,2
Binh Tan,2 PN,72,1970.0,27.36,2
Binh Tan,2 PN,75,2650.0,35.27,2
Binh Tan,nhiều hơn 10 PN,216,910.0,4.21,10
Binh Tan,2 PN,80,1200.0,15.0,2
Binh Tan,2 PN,68,1700.0,25.0,2
Binh Tan,3 PN,131,2900.0,22.14,3
Binh Tan,3 PN,121,3600.0,29.75,3
Binh Tan,3 PN,121,2500.0,20.66,3
Binh Tan,3 PN,100,3450.0,34.46,3
Binh Tan,3 PN,100,3850.0,38.5,3
Binh Tan,3 PN,100,3471.0,34.71,3
Binh Tan,3 PN,100,3309.0,33.09,3
Binh Tan,2 PN,79,2900.0,36.71,2
Binh Tan,3 PN,92,2300.0,25.07,3
Binh Tan,3 PN,83,2200.0,26.51,3
Binh Tan,3 PN,80,2450.0,30.63,3
Binh Tan,3 PN,75,3100.0,41.33,3
Binh Tan,3 PN,75,2300.0,30.67,3
Binh Tan,2 PN,136,2600.0,19.12,2
Binh Tan,2 PN,97,2400.0,24.74,2
Binh Tan,2 PN,84,2875.0,34.23,2
Binh Tan,2 PN,81,1980.0,24.44,2
Binh Tan,3 PN,83,2600.0,31.33,3
Binh Tan,2 PN,68,1700.0,25.0,2
Binh Tan,2 PN,56,2150.0,38.39,2
Binh Tan,2 PN,67,1800.0,26.87,2
Binh Tan,2 PN,56,1570.0,28.04,2
Binh Tan,2 PN,53,1550.0,29.41,2
Binh Tan,2 PN,52,1650.0,31.73,2
Binh Tan,2 PN,52,1300.0,25.0,2
Binh Tan,2 PN,51,2700.0,52.94,2
Binh Tan,2 PN,51,1680.0,32.94,2
Binh Tan,1 PN,50,1600.0,32.0,1
Binh Tan,1 PN,50,1500.0,30.0,1
Binh Tan,1 PN,50,1500.0,30.0,1
Binh Tan,1 PN,50,1390.0,27.8,1
Binh Tan,2 PN,67,1800.0,26.87,2
Binh Tan,1 PN,48,1480.0,30.83,1
Binh Tan,1 PN,48,1450.0,30.21,1
Binh Tan,1 PN,46,1950.0,42.39,1
Binh Tan,1 PN,45,1150.0,25.56,1
Binh Tan,1 PN,35,550.0,15.85,1
Binh Tan,1 PN,34,550.0,16.18,1
Binh Tan,2 PN,56,2100.0,37.5,2
Binh Tan,2 PN,56,2100.0,37.5,2
Binh Tan,1 PN,48,1490.0,31.04,1
Binh Tan,2 PN,56,2110.0,37.68,2
Binh Tan,2 PN,56,2100.0,37.5,2
Binh Tan,2 PN,67,1690.0,25.22,2
Binh Tan,2 PN,67,1680.0,25.07,2
Binh Tan,2 PN,66,1800.0,27.27,2
Binh Tan,2 PN,65,1800.0,27.69,2
Binh Tan,2 PN,65,1650.0,25.38,2
Binh Tan,2 PN,64,1850.0,28.91,2
Binh Tan,2 PN,64,1850.0,28.91,2
Binh Tan,2 PN,63,1650.0,26.11,2
Binh Tan,2 PN,66,1620.0,24.55,2
Binh Tan,2 PN,63,1630.0,25.79,2
Binh Tan,2 PN,59,715.0,12.12,2
Binh Tan,2 PN,56,2300.0,41.07,2
Binh Tan,2 PN,56,2250.0,40.18,2
Binh Tan,2 PN,56,2200.0,39.29,2
Binh Tan,2 PN,56,2185.0,39.02,2
Binh Tan,2 PN,56,2170.0,38.75,2
Binh Tan,2 PN,63,1650.0,26.11,2
Binh Tan,2 PN,56,2150.0,38.39,2
Binh Thanh,2 PN,37,2100.0,57.53,2
Binh Thanh,2 PN,38,2000.0,52.63,2
Binh Thanh,2 PN,50,1650.0,33.0,2
Binh Thanh,2 PN,50,1950.0,39.0,2
Binh Thanh,2 PN,53,1750.0,33.02,2
Binh Thanh,2 PN,56,1200.0,21.43,2
Binh Thanh,2 PN,54,2740.0,50.74,2
Binh Thanh,2 PN,60,2750.0,45.83,2
Binh Thanh,2 PN,60,2800.0,46.67,2
Binh Thanh,1 PN,54,2500.0,46.3,1
Binh Thanh,2 PN,54,2100.0,38.89,2
Binh Thanh,1 PN,52,2400.0,46.15,1
Binh Thanh,1 PN,35,300.0,8.57,1
Binh Thanh,1 PN,48,2550.0,53.13,1
Binh Thanh,1 PN,48,2000.0,41.67,1
Binh Thanh,1 PN,47,2100.0,44.68,1
Binh Thanh,1 PN,46,4000.0,86.96,1
Binh Thanh,1 PN,38,2500.0,65.79,1
Binh Thanh,1 PN,38,1950.0,51.32,1
Binh Thanh,1 PN,36,900.0,25.0,1
Binh Thanh,1 PN,35,890.0,25.43,1
Binh Thanh,1 PN,34,860.0,25.29,1
Binh Thanh,1 PN,34,300.0,8.82,1
Binh Thanh,1 PN,34,300.0,8.82,1
Binh Thanh,2 PN,62,2600.0,42.28,2
Binh Thanh,1 PN,51,2830.0,55.49,1
Binh Thanh,2 PN,64,3150.0,49.22,2
Binh Thanh,2 PN,67,3550.0,52.99,2
Binh Thanh,2 PN,71,3000.0,42.25,2
Binh Thanh,2 PN,68,2900.0,42.65,2
Binh Thanh,2 PN,68,2750.0,40.44,2
Binh Thanh,2 PN,68,2750.0,40.44,2
Binh Thanh,2 PN,68,2600.0,38.24,2
Binh Thanh,2 PN,68,2600.0,38.24,2
Binh Thanh,3 PN,76,2750.0,36.18,3
Binh Thanh,2 PN,66,3800.0,57.58,2
Binh Thanh,2 PN,68,3000.0,44.12,2
Binh Thanh,2 PN,66,3600.0,54.55,2
Binh Thanh,2 PN,66,3450.0,52.27,2
Binh Thanh,2 PN,66,3450.0,52.27,2
Binh Thanh,2 PN,66,3450.0,52.27,2
Binh Thanh,2 PN,66,2750.0,41.67,2
Binh Thanh,2 PN,66,2750.0,41.67,2
Binh Thanh,2 PN,65,2700.0,41.54,2
Binh Thanh,2 PN,65,2500.0,38.46,2
Binh Thanh,2 PN,66,3500.0,53.03,2
Binh Thanh,2 PN,65,340.0,5.23,2
Binh Thanh,2 PN,68,3100.0,45.59,2
Binh Thanh,2 PN,69,3500.0,50.72,2
Binh Thanh,2 PN,102,3650.0,35.78,2
Binh Thanh,2 PN,92,5350.0,58.15,2
Binh Thanh,2 PN,90,5550.0,61.67,2
Binh Thanh,2 PN,89,5750.0,64.61,2
Binh Thanh,2 PN,88,3150.0,35.8,2
Binh Thanh,2 PN,85,4400.0,51.76,2
Binh Thanh,2 PN,80,5350.0,66.88,2
Binh Thanh,2 PN,68,3400.0,50.0,2
Binh Thanh,2 PN,80,4500.0,56.25,2
Binh Thanh,2 PN,78,4500.0,57.69,2
Binh Thanh,2 PN,77,3200.0,41.56,2
Binh Thanh,2 PN,73,3700.0,50.68,2
Binh Thanh,2 PN,72,3500.0,48.61,2
Binh Thanh,2 PN,71,3000.0,42.25,2
Binh Thanh,3 PN,60,2100.0,35.0,3
Binh Thanh,2 PN,71,2900.0,40.85,2
Binh Thanh,2 PN,80,3800.0,47.5,2
Binh Thanh,2 PN,102,5850.0,57.35,2
Binh Thanh,2 PN,117,7500.0,64.1,2
Binh Thanh,3 PN,90,3700.0,41.11,3
Binh Thanh,3 PN,100,7000.0,70.0,3
Binh Thanh,3 PN,95,6600.0,69.47,3
Binh Thanh,3 PN,95,3600.0,37.89,3
Binh Thanh,3 PN,95,7000.0,73.92,3
Binh Thanh,3 PN,90,3800.0,42.22,3
Binh Thanh,3 PN,160,14500.0,90.63,3
Binh Thanh,3 PN,89,4500.0,50.56,3
Binh Thanh,3 PN,89,4100.0,46.07,3
Binh Thanh,3 PN,86,4990.0,58.02,3
Binh Thanh,3 PN,86,4900.0,56.98,3
Binh Thanh,3 PN,86,4900.0,56.98,3
Binh Thanh,3 PN,86,4800.0,55.81,3
Binh Thanh,3 PN,86,4400.0,51.16,3
Binh Thanh,3 PN,86,4300.0,50.0,3
Binh Thanh,3 PN,81,3100.0,38.41,3
Binh Thanh,3 PN,172,12500.0,72.67,3
Binh Thanh,4 PN,140,12500.0,89.29,4
Binh Thanh,4 PN,188,18000.0,95.74,4
Binh Thanh,4 PN,168,15890.0,94.58,4
Binh Thanh,4 PN,167,16000.0,95.81,4
Binh Thanh,4 PN,167,15890.0,95.15,4
Binh Thanh,3 PN,111,7600.0,68.78,3
Binh Thanh,4 PN,167,15890.0,95.15,4
Binh Thanh,4 PN,156,13000.0,83.33,4
Binh Thanh,4 PN,155,15890.0,102.52,4
Binh Thanh,4 PN,155,15890.0,102.85,4
Binh Thanh,4 PN,154,17479.0,113.5,4
Binh Thanh,4 PN,154,15890.0,103.18,4
Binh Thanh,4 PN,153,15800.0,103.27,4
Binh Thanh,4 PN,165,7700.0,46.67,4
Binh Thanh,3 PN,135,7400.0,54.81,3
Cu Chi,3 PN,80,1450.0,18.13,3
District 1,2 PN,74,8800.0,118.92,2
District 1,4 PN,144,2597.0,18.03,4
District 1,2 PN,74,1390.0,18.78,2
District 1,2 PN,74,14200.0,192.23,2
District 1,2 PN,60,4200.0,70.0,2
District 1,2 PN,60,3800.0,63.33,2
District 1,2 PN,56,2600.0,46.43,2
District 1,2 PN,120,3900.0,32.5,2
District 1,1 PN,49,7888.0,160.98,1
District 1,1 PN,45,2500.0,55.56,1
District 1,1 PN,45,280.0,6.22,1
District 1,1 PN,41,6789.0,165.59,1
District 1,1 PN,36,2500.0,69.44,1
District 1,1 PN,36,2100.0,58.33,1
District 1,1 PN,12,2900.0,241.67,1
District 1,3 PN,90,4260.0,47.33,3
District 1,3 PN,99,15000.0,151.52,3
District 1,2 PN,83,825.0,9.94,2
District 10,2 PN,78,6400.0,82.05,2
District 10,3 PN,105,6550.0,62.38,3
District 10,2 PN,78,6230.0,79.87,2
District 10,3 PN,103,7800.0,75.73,3
District 10,2 PN,87,6500.0,74.71,2
District 10,2 PN,87,6000.0,68.97,2
District 10,2 PN,86,5900.0,68.6,2
District 10,2 PN,78,5500.0,70.33,2
District 10,2 PN,78,5320.0,68.21,2
District 10,2 PN,78,5000.0,64.1,2
District 10,2 PN,78,4590.0,58.85,2
District 10,2 PN,75,4950.0,66.0,2
District 10,2 PN,73,5600.0,76.71,2
District 10,2 PN,72,5750.0,79.86,2
District 10,2 PN,72,5300.0,73.61,2
District 10,2 PN,72,4780.0,66.39,2
District 10,1 PN,61,5250.0,86.07,1
District 10,1 PN,53,4300.0,81.13,1
District 10,1 PN,52,2200.0,42.31,1
District 10,1 PN,50,280.0,5.6,1
District 10,1 PN,49,3800.0,77.55,1
District 10,1 PN,45,1950.0,43.33,1
District 10,1 PN,31,1400.0,45.16,1
District 10,2 PN,73,4800.0,65.75,2
District 11,2 PN,51,2000.0,39.22,2
District 11,1 PN,40,2000.0,50.0,1
District 11,2 PN,64,2600.0,40.63,2
District 11,2 PN,78,3700.0,47.44,2
District 11,2 PN,67,2500.0,37.31,2
District 11,2 PN,75,3200.0,42.67,2
District 11,2 PN,90,2350.0,26.11,2
District 11,3 PN,78,2650.0,33.97,3
District 11,3 PN,111,6500.0,58.56,3
District 11,4 PN,275,12500.0,45.45,4
District 11,2 PN,64,2600.0,40.63,2
District 12,3 PN,70,2000.0,28.57,3
District 12,3 PN,70,1850.0,26.43,3
District 12,3 PN,69,1650.0,23.91,3
District 12,2 PN,150,7000.0,46.67,2
District 12,2 PN,87,2900.0,33.33,2
District 12,2 PN,110,4900.0,44.55,2
District 12,2 PN,90,2200.0,24.44,2
District 12,2 PN,80,2200.0,27.5,2
District 12,3 PN,70,2100.0,30.0,3
District 12,2 PN,115,6000.0,52.17,2
District 12,3 PN,70,2100.0,30.0,3
District 12,2 PN,80,1700.0,21.25,2
District 12,3 PN,80,1780.0,22.25,3
District 12,3 PN,80,2600.0,32.5,3
District 12,3 PN,80,2635.0,32.94,3
District 12,3 PN,80,2700.0,33.75,3
District 12,3 PN,81,2439.0,30.11,3
District 12,3 PN,82,2728.0,33.27,3
District 12,3 PN,85,2699.0,31.75,3
District 12,3 PN,87,890.0,10.23,3
District 12,4 PN,130,3600.0,27.69,4
District 12,7 PN,225,750.0,3.33,7
District 12,3 PN,79,2500.0,31.65,3
District 12,2 PN,80,950.0,11.88,2
District 12,1 PN,50,1400.0,28.0,1
District 12,2 PN,79,2000.0,25.32,2
District 12,2 PN,57,1750.0,30.7,2
District 12,2 PN,57,1990.0,34.91,2
District 12,2 PN,57,2000.0,35.09,2
District 12,2 PN,57,2100.0,36.84,2
District 12,2 PN,57,2100.0,36.84,2
District 12,2 PN,57,2100.0,36.84,2
District 12,2 PN,57,2110.0,37.02,2
District 12,2 PN,57,2200.0,38.6,2
District 12,2 PN,57,2200.0,38.6,2
District 12,2 PN,57,2250.0,39.47,2
District 12,2 PN,57,2356.0,41.33,2
District 12,2 PN,57,2400.0,42.11,2
District 12,2 PN,57,2400.0,42.11,2
District 12,2 PN,57,2400.0,42.11,2
District 12,2 PN,57,2500.0,43.86,2
District 12,2 PN,57,2200.0,38.33,2
District 12,2 PN,58,790.0,13.62,2
District 12,2 PN,58,1500.0,25.86,2
District 12,2 PN,58,1500.0,25.86,2
District 12,2 PN,58,1500.0,25.86,2
District 12,2 PN,58,1540.0,26.55,2
District 12,2 PN,58,1550.0,26.72,2
District 12,2 PN,58,1550.0,26.72,2
District 12,2 PN,58,1600.0,27.59,2
District 12,2 PN,58,1650.0,28.45,2
District 12,2 PN,79,2700.0,34.18,2
District 12,2 PN,58,1670.0,28.79,2
District 12,2 PN,58,1700.0,29.31,2
District 12,2 PN,58,2200.0,37.93,2
District 12,2 PN,57,1640.0,28.77,2
District 12,2 PN,56,1800.0,32.14,2
District 12,2 PN,56,1535.0,27.41,2
District 12,2 PN,56,1520.0,27.14,2
District 12,1 PN,25,290.0,11.6,1
District 12,1 PN,48,1899.0,39.56,1
District 12,1 PN,48,2500.0,52.08,1
District 12,1 PN,49,1800.0,36.73,1
District 12,1 PN,49,1900.0,38.78,1
District 12,1 PN,49,1919.0,39.16,1
District 12,1 PN,49,2000.0,40.82,1
District 12,1 PN,50,1400.0,28.0,1
District 12,1 PN,52,1399.0,26.9,1
District 12,1 PN,53,1250.0,23.58,1
District 12,1 PN,57,1550.0,27.19,1
District 12,1 PN,200,750.0,3.75,1
District 12,2 PN,43,1200.0,27.91,2
District 12,2 PN,43,1300.0,30.23,2
District 12,2 PN,58,2300.0,39.66,2
District 12,2 PN,47,1370.0,29.15,2
District 12,2 PN,49,1500.0,30.61,2
District 12,2 PN,49,1650.0,33.67,2
District 12,2 PN,50,1900.0,38.0,2
District 12,2 PN,50,1900.0,38.0,2
District 12,2 PN,50,1900.0,38.0,2
District 12,2 PN,51,1250.0,24.51,2
District 12,2 PN,51,1700.0,33.33,2
District 12,2 PN,51,2000.0,39.22,2
District 12,2 PN,53,1300.0,24.53,2
District 12,2 PN,53,1300.0,24.53,2
District 12,2 PN,53,1350.0,25.47,2
District 12,2 PN,53,1400.0,26.42,2
District 12,2 PN,54,1850.0,34.26,2
District 12,2 PN,56,2000.0,35.91,2
District 12,2 PN,48,1890.0,39.38,2
District 12,2 PN,60,1700.0,28.33,2
District 12,2 PN,58,1650.0,28.45,2
District 12,2 PN,60,1800.0,30.0,2
District 12,2 PN,65,2500.0,38.46,2
District 12,2 PN,65,2500.0,38.46,2
District 12,2 PN,65,2600.0,40.0,2
District 12,2 PN,65,2925.0,45.0,2
District 12,2 PN,60,1700.0,28.33,2
District 12,2 PN,66,2500.0,37.88,2
District 12,2 PN,68,1550.0,22.79,2
District 12,2 PN,68,1720.0,25.29,2
District 12,2 PN,68,1780.0,26.18,2
District 12,2 PN,68,1900.0,27.94,2
District 12,2 PN,69,1600.0,23.19,2
District 12,2 PN,69,1850.0,26.81,2
District 12,2 PN,70,1500.0,21.43,2
District 12,2 PN,70,1790.0,25.57,2
District 12,2 PN,65,2350.0,36.15,2
District 12,2 PN,70,1800.0,25.71,2
District 12,2 PN,70,2350.0,33.57,2
District 12,2 PN,70,2500.0,35.71,2
District 12,2 PN,70,2500.0,35.71,2
District 12,2 PN,74,1700.0,22.97,2
District 12,2 PN,78,900.0,11.54,2
District 12,2 PN,78,1780.0,22.82,2
District 12,2 PN,78,2600.0,33.33,2
District 12,2 PN,78,2600.0,33.33,2
District 12,2 PN,78,2600.0,33.33,2
District 12,2 PN,78,2600.0,33.33,2
District 12,2 PN,78,2602.0,33.36,2
District 12,2 PN,78,2611.0,33.47,2
District 12,2 PN,78,2689.0,34.47,2
District 12,2 PN,79,1800.0,22.78,2
District 12,2 PN,70,1980.0,28.29,2
District 12,2 PN,65,2300.0,35.38,2
District 12,2 PN,65,3200.0,49.23,2
District 12,2 PN,65,2200.0,33.85,2
District 12,2 PN,60,1800.0,30.0,2
District 12,2 PN,60,1700.0,28.29,2
District 12,2 PN,61,1800.0,29.51,2
District 12,2 PN,61,1820.0,29.84,2
District 12,2 PN,61,1870.0,30.66,2
District 12,2 PN,61,1890.0,30.98,2
District 12,2 PN,61,1950.0,31.97,2
District 12,2 PN,62,1950.0,31.45,2
District 12,2 PN,65,2250.0,34.62,2
District 12,2 PN,64,1420.0,22.19,2
District 12,2 PN,64,1420.0,22.19,2
District 12,2 PN,64,1550.0,24.22,2
District 12,2 PN,64,1850.0,28.91,2
District 12,2 PN,64,2200.0,34.38,2
District 12,2 PN,65,750.0,11.54,2
District 12,2 PN,63,1700.0,26.98,2
District 12,2 PN,65,1300.0,20.0,2
District 12,2 PN,65,2200.0,33.85,2
District 12,2 PN,65,760.0,11.69,2
District 12,2 PN,65,2190.0,33.69,2
District 12,2 PN,65,2150.0,33.08,2
District 12,2 PN,65,2150.0,33.08,2
District 12,2 PN,65,2150.0,33.08,2
District 12,2 PN,65,1870.0,28.77,2
District 12,2 PN,65,2200.0,33.85,2
District 12,2 PN,65,1750.0,26.92,2
District 12,2 PN,65,1700.0,26.15,2
District 12,2 PN,65,1700.0,26.15,2
District 12,2 PN,65,1600.0,24.62,2
District 12,2 PN,65,1600.0,24.62,2
District 12,2 PN,65,1500.0,23.08,2
District 2,3 PN,124,7300.0,58.87,3
District 2,3 PN,124,11000.0,88.71,3
District 2,3 PN,127,16000.0,125.98,3
District 2,3 PN,131,5700.0,43.51,3
District 2,3 PN,142,9988.0,70.34,3
District 2,4 PN,153,3750.0,24.51,4
District 2,4 PN,145,8100.0,55.86,4
District 2,3 PN,120,12000.0,100.0,3
District 2,4 PN,153,3750.0,24.51,4
District 2,4 PN,153,3850.0,25.16,4
District 2,4 PN,142,8100.0,57.04,4
District 2,3 PN,120,9500.0,79.17,3
District 2,2 PN,76,1200.0,15.79,2
District 2,3 PN,115,5400.0,46.96,3
District 2,2 PN,58,800.0,13.72,2
District 2,2 PN,59,1610.0,27.29,2
District 2,2 PN,59,1655.0,28.05,2
District 2,2 PN,59,1690.0,28.64,2
District 2,2 PN,60,1650.0,27.5,2
District 2,2 PN,60,2180.0,36.33,2
District 2,2 PN,60,2295.0,38.25,2
District 2,2 PN,60,3300.0,55.0,2
District 2,2 PN,60,3950.0,65.83,2
District 2,2 PN,60,4120.0,68.67,2
District 2,2 PN,61,4900.0,80.62,2
District 2,2 PN,61,1567.0,25.69,2
District 2,2 PN,61,1800.0,29.51,2
District 2,2 PN,61,2200.0,36.07,2
District 2,2 PN,62,1650.0,26.61,2
District 2,2 PN,64,1800.0,28.13,2
District 2,2 PN,64,2900.0,45.31,2
District 2,2 PN,65,4120.0,63.38,2
District 2,2 PN,68,3640.0,53.53,2
District 2,2 PN,68,3980.0,58.53,2
District 2,2 PN,68,4150.0,61.03,2
District 2,2 PN,68,4400.0,64.71,2
District 2,2 PN,70,2850.0,40.71,2
District 2,2 PN,57,3300.0,57.89,2
District 2,2 PN,57,3800.0,67.14,2
District 2,2 PN,56,3300.0,58.93,2
District 2,2 PN,56,3100.0,55.36,2
District 2,1 PN,35,1540.0,44.0,1
District 2,1 PN,35,1800.0,51.43,1
District 2,1 PN,45,1950.0,43.33,1
District 2,1 PN,45,3500.0,77.78,1
District 2,1 PN,47,3300.0,70.63,1
District 2,1 PN,47,3000.0,63.83,1
District 2,1 PN,48,2400.0,50.0,1
District 2,1 PN,49,2700.0,55.44,1
District 2,1 PN,49,2607.0,53.2,1
District 2,1 PN,50,3100.0,62.0,1
District 2,1 PN,50,3250.0,65.0,1
District 2,2 PN,70,3641.0,52.01,2
District 2,1 PN,51,2300.0,45.1,1
District 2,1 PN,52,5400.0,103.85,1
District 2,1 PN,55,4500.0,81.82,1
District 2,1 PN,56,3300.0,58.93,1
District 2,1 PN,58,2900.0,50.0,1
District 2,1 PN,58,3600.0,62.07,1
District 2,1 PN,61,7000.0,114.08,1
District 2,1 PN,100,250.0,2.5,1
District 2,2 PN,54,3000.0,55.56,2
District 2,2 PN,55,1690.0,30.73,2
District 2,2 PN,56,1620.0,28.93,2
District 2,2 PN,56,1800.0,32.14,2
District 2,1 PN,52,4948.0,95.71,1
District 2,2 PN,70,4500.0,64.29,2
District 2,2 PN,70,4700.0,67.14,2
District 2,2 PN,70,4800.0,68.57,2
District 2,2 PN,83,7500.0,90.36,2
District 2,2 PN,85,4600.0,54.12,2
District 2,2 PN,85,5300.0,62.35,2
District 2,2 PN,85,5800.0,68.24,2
District 2,2 PN,88,6000.0,68.18,2
District 2,2 PN,90,5500.0,61.11,2
District 2,2 PN,90,10000.0,111.11,2
District 2,2 PN,95,2850.0,30.15,2
District 2,2 PN,98,5100.0,52.04,2
District 2,3 PN,73,2100.0,28.77,3
District 2,3 PN,77,6000.0,77.96,3
District 2,2 PN,83,6200.0,74.7,2
District 2,3 PN,80,3200.0,40.0,3
District 2,3 PN,86,5200.0,60.47,3
District 2,3 PN,88,3400.0,38.64,3
District 2,3 PN,88,3500.0,39.77,3
District 2,3 PN,117,10500.0,89.74,3
District 2,3 PN,89,2850.0,32.02,3
District 2,3 PN,90,3450.0,38.33,3
District 2,3 PN,90,4350.0,48.33,3
District 2,3 PN,92,5930.0,64.46,3
District 2,3 PN,94,4500.0,47.87,3
District 2,3 PN,95,5200.0,54.74,3
District 2,3 PN,96,5150.0,53.65,3
District 2,3 PN,80,3200.0,40.0,3
District 2,1 PN,32,1750.0,54.69,1
District 2,2 PN,83,2600.0,31.33,2
District 2,2 PN,82,3700.0,45.12,2
District 2,2 PN,71,3400.0,47.89,2
District 2,2 PN,72,7500.0,104.17,2
District 2,2 PN,72,2100.0,29.04,2
District 2,2 PN,73,3850.0,52.74,2
District 2,2 PN,73,3900.0,53.42,2
District 2,2 PN,73,3920.0,53.7,2
District 2,2 PN,73,3950.0,54.11,2
District 2,2 PN,73,1740.0,23.77,2
District 2,2 PN,74,1992.0,26.92,2
District 2,2 PN,75,3350.0,44.67,2
District 2,2 PN,75,3900.0,52.0,2
District 2,2 PN,83,200.0,2.41,2
District 2,2 PN,75,3900.0,52.0,2
District 2,2 PN,75,4750.0,63.33,2
District 2,2 PN,76,3900.0,51.32,2
District 2,2 PN,76,3950.0,51.97,2
District 2,2 PN,76,4000.0,52.63,2
District 2,2 PN,76,4100.0,53.95,2
District 2,2 PN,76,4250.0,55.92,2
District 2,2 PN,76,4500.0,59.21,2
District 2,2 PN,77,6900.0,89.61,2
District 2,2 PN,79,4300.0,54.43,2
District 2,2 PN,81,3150.0,38.89,2
District 2,2 PN,82,2250.0,27.44,2
District 2,2 PN,75,4300.0,57.33,2
District 2,1 PN,32,1750.0,54.69,1
District 2,1 PN,55,6000.0,109.09,1
District 2,3 PN,100,6750.0,67.5,3
District 2,3 PN,109,5700.0,52.29,3
District 2,3 PN,101,6250.0,61.88,3
District 2,3 PN,101,5974.0,59.15,3
District 2,3 PN,101,5970.0,59.11,3
District 2,3 PN,101,3280.0,32.48,3
District 2,3 PN,101,1800.0,17.82,3
District 2,3 PN,101,1800.0,17.82,3
District 2,3 PN,99,6500.0,65.66,3
District 2,3 PN,97,4630.0,47.73,3
District 2,3 PN,96,5200.0,54.17,3
District 3,2 PN,58,5100.0,87.93,2
District 3,2 PN,58,5500.0,94.83,2
District 3,2 PN,40,2350.0,58.75,2
District 3,2 PN,58,4500.0,77.59,2
District 3,2 PN,78,6500.0,83.33,2
District 3,2 PN,58,5590.0,97.05,2
District 3,1 PN,25,1400.0,56.0,1
District 3,1 PN,55,5300.0,96.36,1
District 3,1 PN,39,1100.0,28.21,1
District 3,1 PN,35,1500.0,42.86,1
District 3,1 PN,20,1100.0,55.0,1
District 4,3 PN,95,6200.0,65.26,3
District 4,3 PN,90,3800.0,42.22,3
District 4,3 PN,91,3750.0,41.44,3
District 4,2 PN,92,4400.0,47.83,2
District 4,3 PN,95,6300.0,66.32,3
District 4,2 PN,68,3350.0,49.26,2
District 4,3 PN,106,4200.0,39.62,3
District 4,3 PN,115,6500.0,56.52,3
District 4,3 PN,115,6900.0,60.0,3
District 4,3 PN,115,7200.0,62.61,3
District 4,2 PN,90,3150.0,35.0,2
District 4,3 PN,100,3550.0,35.5,3
District 4,2 PN,90,2950.0,32.78,2
District 4,2 PN,75,3100.0,41.33,2
District 4,2 PN,82,5600.0,68.29,2
District 4,2 PN,82,4200.0,51.22,2
District 4,2 PN,81,4900.0,60.49,2
District 4,2 PN,81,3400.0,42.04,2
District 4,2 PN,81,3400.0,42.04,2
District 4,2 PN,80,6600.0,82.5,2
District 4,2 PN,80,4300.0,53.75,2
District 4,2 PN,80,4300.0,53.75,2
District 4,2 PN,75,4650.0,62.0,2
District 4,2 PN,75,4600.0,61.33,2
District 4,2 PN,75,3000.0,40.0,2
District 4,2 PN,86,3250.0,37.79,2
District 4,2 PN,74,4750.0,64.19,2
District 4,2 PN,67,3600.0,53.73,2
District 4,1 PN,30,2800.0,93.33,1
District 4,1 PN,38,2450.0,64.47,1
District 4,1 PN,40,3200.0,79.4,1
District 4,1 PN,41,2500.0,60.98,1
District 4,1 PN,50,2300.0,46.0,1
District 4,1 PN,50,3000.0,60.0,1
District 4,1 PN,56,3800.0,67.86,1
District 4,1 PN,62,3000.0,48.39,1
District 4,2 PN,57,3980.0,69.82,2
District 4,2 PN,74,5990.0,80.95,2
District 4,2 PN,65,3400.0,52.31,2
District 4,2 PN,68,3600.0,52.94,2
District 4,2 PN,65,3400.0,52.31,2
District 4,2 PN,65,3650.0,56.15,2
District 4,2 PN,67,3500.0,52.24,2
District 5,1 PN,50,1850.0,37.0,1
District 5,7 PN,60,8250.0,137.5,7
District 5,2 PN,87,6350.0,72.99,2
District 5,2 PN,87,6350.0,72.99,2
District 5,2 PN,80,2800.0,35.0,2
District 5,2 PN,80,1850.0,23.13,2
District 5,2 PN,77,7000.0,91.15,2
District 5,2 PN,74,3000.0,40.54,2
District 5,2 PN,70,3000.0,42.86,2
District 5,2 PN,64,2400.0,37.5,2
District 5,1 PN,55,3300.0,60.0,1
District 5,1 PN,50,3450.0,69.0,1
District 5,3 PN,72,2800.0,38.89,3
District 6,2 PN,80,2500.0,31.25,2
District 6,2 PN,80,2970.0,37.13,2
District 6,1 PN,51,2500.0,49.02,1
District 6,2 PN,74,2250.0,30.41,2
District 6,2 PN,74,2250.0,30.41,2
District 6,2 PN,74,2250.0,30.41,2
District 6,2 PN,74,2250.0,30.41,2
District 6,2 PN,74,2250.0,30.41,2
District 6,2 PN,74,2250.0,30.41,2
District 6,2 PN,74,2250.0,30.41,2
District 6,2 PN,73,3310.0,45.34,2
District 6,2 PN,75,2250.0,30.0,2
District 6,3 PN,89,3880.0,43.6,3
District 6,3 PN,83,3800.0,45.78,3
District 6,2 PN,102,3700.0,36.27,2
District 6,2 PN,97,3650.0,37.63,2
District 6,2 PN,87,2900.0,33.33,2
District 6,2 PN,86,3400.0,39.53,2
District 6,1 PN,35,850.0,24.29,1
District 6,3 PN,90,3800.0,42.22,3
District 6,2 PN,72,2300.0,31.94,2
District 6,3 PN,102,4500.0,44.12,3
District 6,2 PN,71,3000.0,42.25,2
District 6,1 PN,65,1700.0,26.15,1
District 6,2 PN,72,3350.0,46.79,2
District 6,2 PN,28,1800.0,64.29,2
District 6,2 PN,45,1240.0,27.56,2
District 6,2 PN,45,1450.0,32.22,2
District 6,2 PN,51,1800.0,35.29,2
District 6,2 PN,51,1830.0,35.88,2
District 6,2 PN,60,1200.0,20.0,2
District 6,2 PN,51,1830.0,36.22,2
District 6,2 PN,60,2900.0,48.33,2
District 6,2 PN,61,2600.0,42.93,2
District 6,2 PN,62,2260.0,36.45,2
District 6,2 PN,62,3100.0,50.0,2
District 6,2 PN,65,3100.0,47.69,2
District 6,2 PN,69,3450.0,50.0,2
District 6,2 PN,68,3350.0,49.26,2
District 7,3 PN,95,4700.0,49.47,3
District 7,3 PN,96,3800.0,39.58,3
District 7,3 PN,97,2000.0,20.62,3
District 7,3 PN,97,3650.0,37.55,3
District 7,3 PN,99,5300.0,53.54,3
District 7,3 PN,99,5250.0,53.03,3
District 7,3 PN,95,3400.0,35.79,3
District 7,3 PN,101,5100.0,50.5,3
District 7,3 PN,97,3900.0,40.21,3
District 7,3 PN,95,3350.0,35.26,3
District 7,3 PN,73,3200.0,43.84,3
District 7,3 PN,87,4650.0,53.37,3
District 7,3 PN,85,2900.0,34.12,3
District 7,3 PN,83,3200.0,38.55,3
District 7,3 PN,79,2800.0,35.44,3
District 7,3 PN,74,3100.0,41.89,3
District 7,2 PN,246,16907.0,68.73,2
District 7,2 PN,109,7000.0,64.22,2
District 7,3 PN,105,4850.0,46.19,3
District 7,2 PN,106,5000.0,47.17,2
District 7,3 PN,90,3500.0,38.72,3
District 7,3 PN,105,4900.0,46.67,3
District 7,3 PN,174,12000.0,68.97,3
District 7,3 PN,113,3250.0,28.76,3
District 7,2 PN,106,4500.0,42.45,2
District 7,5 PN,277,7800.0,28.16,5
District 7,4 PN,147,8300.0,56.46,4
District 7,4 PN,139,7000.0,50.36,4
District 7,3 PN,150,4500.0,30.0,3
District 7,3 PN,150,4300.0,28.67,3
District 7,3 PN,147,6150.0,41.84,3
District 7,3 PN,138,5400.0,39.13,3
District 7,3 PN,105,5295.0,50.43,3
District 7,3 PN,135,6500.0,48.15,3
District 7,3 PN,125,5800.0,46.4,3
District 7,3 PN,125,5350.0,42.8,3
District 7,3 PN,125,5300.0,42.4,3
District 7,3 PN,123,3800.0,30.94,3
District 7,3 PN,115,2650.0,23.04,3
District 7,3 PN,114,6000.0,52.63,3
District 7,3 PN,114,3900.0,34.21,3
District 7,3 PN,114,3400.0,29.82,3
District 7,3 PN,113,3400.0,30.09,3
District 7,3 PN,135,6400.0,47.41,3
District 7,2 PN,106,4500.0,42.45,2
District 7,2 PN,68,2900.0,42.65,2
District 7,2 PN,92,2850.0,30.98,2
District 7,2 PN,53,3700.0,69.81,2
District 7,2 PN,53,2200.0,41.51,2
District 7,2 PN,53,1950.0,36.79,2
District 7,2 PN,53,1925.84,36.34,2
District 7,2 PN,53,1820.0,34.34,2
District 7,2 PN,53,1800.0,33.96,2
District 7,2 PN,44,1700.0,38.64,2
District 7,2 PN,40,1470.0,36.75,2
District 7,1 PN,265,9550.0,36.04,1
District 7,1 PN,139,8100.0,58.11,1
District 7,1 PN,139,8299.0,59.71,1
District 7,1 PN,65,2950.0,45.6,1
District 7,1 PN,58,1750.0,30.17,1
District 7,1 PN,57,2280.0,40.0,1
District 7,1 PN,56,2530.0,45.18,1
District 7,2 PN,54,1780.0,32.96,2
District 7,2 PN,54,1830.0,33.89,2
District 7,2 PN,54,2880.0,53.33,2
District 7,2 PN,55,2500.0,45.45,2
District 7,2 PN,63,2250.0,35.77,2
District 7,2 PN,62,2350.0,37.9,2
District 7,2 PN,92,4300.0,46.74,2
District 7,2 PN,62,2200.0,35.48,2
District 7,2 PN,62,2200.0,35.48,2
District 7,2 PN,62,2180.0,35.16,2
District 7,2 PN,62,2160.0,34.84,2
District 7,1 PN,56,2150.0,38.39,1
District 7,2 PN,60,2500.0,41.67,2
District 7,2 PN,57,2530.0,44.22,2
District 7,2 PN,57,2600.0,45.61,2
District 7,2 PN,57,2550.0,44.74,2
District 7,2 PN,57,2253.0,39.53,2
District 7,2 PN,57,2100.0,36.84,2
District 7,2 PN,57,2250.0,39.82,2
District 7,2 PN,56,1990.0,35.54,2
District 7,2 PN,60,2250.0,37.5,2
District 7,2 PN,64,2350.0,36.72,2
District 7,1 PN,54,2150.0,39.81,1
District 7,1 PN,54,2100.0,38.89,1
District 7,1 PN,39,1750.0,44.87,1
District 7,1 PN,39,1150.0,29.49,1
District 7,1 PN,39,1150.0,29.49,1
District 7,1 PN,38,2400.0,63.16,1
District 7,1 PN,38,1950.0,51.32,1
District 7,1 PN,38,1750.0,46.05,1
District 7,1 PN,38,1700.0,44.74,1
District 7,1 PN,38,1500.0,39.47,1
District 7,1 PN,35,1400.0,40.0,1
District 7,1 PN,35,1150.0,32.86,1
District 7,1 PN,33,1670.0,50.61,1
District 7,1 PN,32,1650.0,51.56,1
District 7,1 PN,28,1500.0,53.57,1
District 7,1 PN,27,1400.0,51.85,1
District 7,1 PN,27,1400.0,51.85,1
District 7,1 PN,39,1750.0,44.87,1
District 7,1 PN,40,1450.0,36.25,1
District 7,1 PN,40,1500.0,37.5,1
District 7,1 PN,45,2400.0,53.33,1
District 7,1 PN,54,1950.0,36.11,1
District 7,1 PN,54,1950.0,36.33,1
District 7,1 PN,53,1400.0,26.32,1
District 7,1 PN,53,2199.0,41.49,1
District 7,1 PN,53,1900.0,35.85,1
District 7,1 PN,53,1800.0,33.96,1
District 7,1 PN,53,1720.0,32.45,1
District 7,1 PN,54,2100.0,38.89,1
District 7,1 PN,52,2100.0,40.38,1
District 7,1 PN,51,2350.0,46.51,1
District 7,1 PN,50,2700.0,54.0,1
District 7,1 PN,50,2150.0,43.0,1
District 7,1 PN,50,2000.0,40.0,1
District 7,1 PN,48,2450.0,50.72,1
District 7,1 PN,48,2400.0,50.0,1
District 7,1 PN,48,2200.0,45.83,1
District 7,1 PN,51,2300.0,45.1,1
District 7,2 PN,64,2700.0,42.19,2
District 7,2 PN,62,2350.0,37.9,2
District 7,2 PN,65,280.0,4.31,2
District 7,2 PN,75,2850.0,38.0,2
District 7,2 PN,75,2850.0,38.0,2
District 7,2 PN,75,2850.0,38.0,2
District 7,2 PN,75,2850.0,38.0,2
District 7,2 PN,75,2800.0,37.33,2
District 7,2 PN,75,2800.0,37.33,2
District 7,2 PN,75,2650.0,35.33,2
District 7,2 PN,75,2900.0,38.67,2
District 7,2 PN,75,2300.0,30.67,2
District 7,2 PN,74,2750.0,37.04,2
District 7,2 PN,74,3250.0,43.92,2
District 7,2 PN,73,3200.0,43.84,2
District 7,2 PN,65,2846.0,44.12,2
District 7,2 PN,72,1850.0,25.69,2
District 7,2 PN,71,2500.0,35.21,2
District 7,2 PN,71,3167.865,44.88,2
District 7,2 PN,75,2200.0,29.33,2
District 7,2 PN,71,2590.0,36.7,2
District 7,2 PN,75,2950.0,39.33,2
District 7,2 PN,76,2500.0,32.89,2
District 7,2 PN,89,3800.0,42.7,2
District 7,2 PN,84,3300.0,39.43,2
District 7,2 PN,82,3500.0,42.68,2
District 7,2 PN,82,2850.0,34.76,2
District 7,2 PN,80,2500.0,31.25,2
District 7,2 PN,80,2500.0,31.25,2
District 7,2 PN,80,2500.0,31.25,2
District 7,2 PN,76,2150.0,28.29,2
District 7,2 PN,77,5200.0,67.53,2
District 7,2 PN,76,3800.0,50.0,2
District 7,2 PN,76,3780.0,49.74,2
District 7,2 PN,76,3780.0,49.74,2
District 7,2 PN,76,3750.0,49.34,2
District 7,2 PN,76,3700.0,48.68,2
District 7,2 PN,76,3690.0,48.55,2
District 7,2 PN,76,2850.0,37.5,2
District 7,2 PN,76,3900.0,51.32,2
District 7,2 PN,70,3200.0,45.71,2
District 7,2 PN,72,3799.0,52.76,2
District 7,2 PN,70,2750.0,39.29,2
District 7,2 PN,67,2300.0,34.5,2
District 7,2 PN,67,2300.0,34.5,2
District 7,2 PN,67,2300.0,34.5,2
District 7,2 PN,70,2850.0,40.71,2
District 7,2 PN,66,4000.0,60.61,2
District 7,2 PN,66,3500.0,53.03,2
District 7,2 PN,66,2400.0,36.36,2
District 7,2 PN,66,2253.0,34.14,2
District 7,2 PN,66,2250.0,34.09,2
District 7,2 PN,66,1780.0,26.97,2
District 7,2 PN,65,3650.0,56.15,2
District 7,2 PN,65,3500.0,53.85,2
District 7,2 PN,65,3300.0,50.77,2
District 7,2 PN,65,2200.0,33.85,2
District 7,2 PN,65,1700.0,26.15,2
District 7,2 PN,67,1520.0,22.69,2
District 7,2 PN,67,1800.0,26.87,2
District 7,2 PN,67,2350.0,35.29,2
District 7,2 PN,67,2300.0,34.33,2
District 7,2 PN,70,2700.0,38.57,2
District 7,2 PN,70,2400.0,34.29,2
District 7,2 PN,67,2230.0,33.28,2
District 7,2 PN,70,3980.0,56.89,2
District 7,2 PN,70,3300.0,47.35,2
District 7,2 PN,70,3167.0,45.44,2
District 7,2 PN,70,2990.0,43.02,2
District 7,2 PN,69,3600.0,52.17,2
District 7,2 PN,70,2350.0,33.57,2
District 7,2 PN,69,3200.0,46.38,2
District 7,2 PN,69,2900.0,42.03,2
District 7,2 PN,68,2500.0,36.76,2
District 7,2 PN,68,2550.0,37.72,2
District 7,2 PN,67,2300.0,34.33,2
District 7,2 PN,67,2300.0,34.33,2
District 7,2 PN,67,2300.0,34.33,2
District 7,2 PN,69,3200.0,46.38,2
District 8,3 PN,92,2580.0,28.04,3
District 8,3 PN,92,2580.0,28.04,3
District 8,3 PN,92,2580.0,28.04,3
District 8,3 PN,93,2000.0,21.51,3
District 8,3 PN,93,4300.0,46.24,3
District 8,3 PN,150,4500.0,30.0,3
District 8,3 PN,97,4428.0,45.65,3
District 8,3 PN,141,3550.0,25.18,3
District 8,3 PN,150,4500.0,30.0,3
District 8,3 PN,167,7500.0,44.91,3
District 8,3 PN,90,2650.0,29.44,3
District 8,3 PN,95,3500.0,36.84,3
District 8,3 PN,88,4300.0,48.86,3
District 8,2 PN,62,1730.0,27.9,2
District 8,3 PN,86,3000.0,34.88,3
District 8,2 PN,70,2350.0,33.57,2
District 8,2 PN,70,2350.0,33.57,2
District 8,2 PN,70,2100.0,30.0,2
District 8,2 PN,70,2000.0,28.57,2
District 8,2 PN,70,1950.0,27.86,2
District 8,2 PN,69,2600.0,37.68,2
District 8,2 PN,69,2250.0,32.61,2
District 8,2 PN,68,3218.0,47.32,2
District 8,2 PN,68,2100.0,30.88,2
District 8,2 PN,65,2300.0,35.38,2
District 8,2 PN,65,1750.0,26.92,2
District 8,2 PN,65,1500.0,23.08,2
District 8,2 PN,64,2100.0,32.81,2
District 8,2 PN,64,1650.0,25.78,2
District 8,2 PN,63,2200.0,34.92,2
District 8,2 PN,63,2000.0,31.75,2
District 8,2 PN,62,2150.0,34.68,2
District 8,2 PN,62,1900.0,30.65,2
District 8,2 PN,62,1700.0,27.42,2
District 8,2 PN,62,1700.0,27.42,2
District 8,2 PN,62,1700.0,27.42,2
District 8,2 PN,62,1700.0,27.42,2
District 8,2 PN,62,1700.0,27.42,2
District 8,2 PN,62,1600.0,25.81,2
District 8,2 PN,62,1600.0,25.81,2
District 8,2 PN,62,1600.0,25.81,2
District 8,2 PN,62,1500.0,24.19,2
District 8,2 PN,70,3600.0,51.43,2
District 8,2 PN,62,1457.0,23.5,2
District 8,2 PN,71,2600.0,36.62,2
District 8,2 PN,72,1900.0,26.39,2
District 8,3 PN,80,2900.0,36.25,3
District 8,3 PN,79,2136.0,27.07,3
District 8,3 PN,76,1900.0,25.1,3
District 8,3 PN,75,1970.0,26.27,3
District 8,3 PN,75,1900.0,25.33,3
District 8,2 PN,165,7500.0,45.45,2
District 8,2 PN,92,3350.0,36.41,2
District 8,2 PN,83,2600.0,31.33,2
District 8,2 PN,80,2500.0,31.25,2
District 8,2 PN,79,2696.0,34.02,2
District 8,2 PN,79,3550.0,44.94,2
District 8,2 PN,79,2696.0,34.13,2
District 8,2 PN,79,2479.0,31.43,2
District 8,2 PN,78,2128.0,27.28,2
District 8,2 PN,76,3100.0,40.79,2
District 8,2 PN,75,3100.0,41.33,2
District 8,2 PN,73,3300.0,45.21,2
District 8,2 PN,73,3250.0,44.52,2
District 8,2 PN,73,2800.0,38.36,2
District 8,2 PN,73,2350.0,32.19,2
District 8,2 PN,73,2000.0,27.4,2
District 8,2 PN,73,1960.0,26.85,2
District 8,2 PN,72,3300.0,45.83,2
District 8,2 PN,72,2500.0,34.72,2
District 8,2 PN,72,2300.0,31.94,2
District 8,2 PN,72,1970.0,27.36,2
District 8,2 PN,72,1950.0,27.08,2
District 8,2 PN,72,1600.0,22.22,2
District 8,2 PN,62,650.0,10.48,2
District 8,2 PN,70,2250.0,32.14,2
District 8,2 PN,62,1745.0,28.26,2
District 8,1 PN,52,1250.0,24.04,1
District 8,1 PN,51,1500.0,29.41,1
District 8,1 PN,50,1550.0,30.88,1
District 8,1 PN,50,1550.0,31.0,1
District 8,1 PN,50,1300.0,26.0,1
District 8,1 PN,50,950.0,19.0,1
District 8,1 PN,48,2300.0,47.92,1
District 8,1 PN,44,1750.0,39.5,1
District 8,1 PN,38,1650.0,43.42,1
District 8,1 PN,36,1900.0,52.78,1
District 8,1 PN,32,1651.0,51.59,1
District 8,1 PN,32,1600.0,50.0,1
District 8,1 PN,32,1450.0,45.31,1
District 8,1 PN,26,1400.0,53.85,1
District 8,1 PN,25,947.0,37.88,1
District 8,3 PN,87,4300.0,49.43,3
District 8,3 PN,80,2000.0,24.87,3
District 8,3 PN,80,2000.0,24.87,3
District 8,3 PN,80,2900.0,36.06,3
District 8,3 PN,80,2900.0,36.06,3
District 8,3 PN,81,1980.0,24.44,3
District 8,3 PN,84,2850.0,33.93,3
District 8,3 PN,84,4415.0,52.31,3
District 8,3 PN,85,2152.0,25.32,3
District 8,2 PN,62,649.0,10.47,2
District 8,3 PN,86,2248.0,26.26,3
District 8,3 PN,86,2950.0,34.3,3
District 8,1 PN,54,1650.0,30.56,1
District 8,2 PN,39,2500.0,64.1,2
District 8,3 PN,85,3000.0,35.29,3
District 8,2 PN,50,1990.0,39.8,2
District 8,2 PN,50,1480.0,29.6,2
District 8,2 PN,62,1730.0,28.02,2
District 8,2 PN,62,1720.0,27.85,2
District 8,2 PN,62,1700.0,27.53,2
District 8,2 PN,62,1673.0,27.09,2
District 8,2 PN,60,2350.0,39.17,2
District 8,2 PN,60,1500.0,25.0,2
District 8,2 PN,59,750.0,12.71,2
District 8,2 PN,58,3000.0,51.72,2
District 8,2 PN,58,2500.0,43.1,2
District 8,2 PN,56,3500.0,62.5,2
District 8,2 PN,56,1834.0,32.75,2
District 8,2 PN,56,1500.0,26.79,2
District 8,2 PN,56,1500.0,26.79,2
District 8,2 PN,62,1730.0,28.02,2
District 8,2 PN,56,1500.0,26.79,2
District 8,2 PN,56,1500.0,26.79,2
District 8,2 PN,50,3500.0,70.0,2
District 8,2 PN,52,1200.0,23.08,2
District 8,2 PN,53,2055.0,38.77,2
District 8,2 PN,54,2500.0,46.3,2
District 8,2 PN,51,1480.0,29.02,2
District 8,2 PN,55,1650.0,30.0,2
District 8,2 PN,56,1500.0,26.79,2
District 8,2 PN,56,1500.0,26.79,2
District 8,2 PN,56,1500.0,26.79,2
District 8,2 PN,56,1500.0,26.79,2
District 8,2 PN,54,2668.54,49.05,2
District 9,2 PN,72,2850.0,39.49,2
District 9,2 PN,73,3250.0,44.83,2
District 9,2 PN,73,470.0,6.44,2
District 9,2 PN,73,500.0,6.85,2
District 9,2 PN,75,1650.0,22.0,2
District 9,2 PN,74,2900.0,39.19,2
District 9,2 PN,75,1650.0,22.0,2
District 9,2 PN,75,2750.0,36.67,2
District 9,2 PN,76,2900.0,38.16,2
District 9,2 PN,95,4322.0,45.49,2
District 9,2 PN,73,2000.0,27.4,2
District 9,2 PN,72,2150.0,29.86,2
District 9,2 PN,70,3000.0,42.86,2
District 9,2 PN,71,2550.0,35.92,2
District 9,2 PN,71,756.0,10.65,2
District 9,2 PN,70,4200.0,60.0,2
District 9,2 PN,70,3000.0,42.86,2
District 9,2 PN,70,2900.0,41.43,2
District 9,2 PN,70,2800.0,40.0,2
District 9,2 PN,70,2700.0,38.57,2
District 9,2 PN,70,2600.0,37.14,2
District 9,2 PN,70,2450.0,35.0,2
District 9,2 PN,70,2450.0,35.0,2
District 9,3 PN,65,1800.0,27.69,3
District 9,2 PN,70,2400.0,34.29,2
District 9,2 PN,72,2000.0,27.78,2
District 9,3 PN,68,3000.0,44.25,3
District 9,3 PN,86,1900.0,22.09,3
District 9,3 PN,70,2500.0,35.71,3
District 9,2 PN,70,2300.0,32.86,2
District 9,2 PN,59,440.0,7.46,2
District 9,2 PN,53,1600.0,30.19,2
District 9,3 PN,115,3500.0,30.43,3
District 9,3 PN,112,3800.0,33.93,3
District 9,3 PN,112,2750.0,24.55,3
District 9,3 PN,105,3400.0,32.38,3
District 9,3 PN,99,4600.0,46.46,3
District 9,3 PN,90,3700.0,41.11,3
District 9,3 PN,90,2100.0,23.33,3
District 9,3 PN,90,2100.0,23.33,3
District 9,3 PN,87,2000.0,22.99,3
District 9,3 PN,86,2500.0,29.07,3
District 9,3 PN,82,2750.0,33.74,3
District 9,3 PN,82,2144.0,26.31,3
District 9,3 PN,81,3240.0,40.0,3
District 9,3 PN,81,2900.0,35.8,3
District 9,3 PN,81,2900.0,35.8,3
District 9,3 PN,81,2830.0,34.94,3
District 9,3 PN,77,3250.0,42.21,3
District 9,3 PN,77,2100.0,27.27,3
District 9,3 PN,74,2200.0,29.73,3
District 9,3 PN,74,2140.0,28.92,3
District 9,3 PN,70,2850.0,40.71,3
District 9,3 PN,69,1680.0,24.24,3
District 9,2 PN,70,2300.0,32.86,2
District 9,2 PN,72,2850.0,39.58,2
District 9,2 PN,70,2111.0,30.16,2
District 9,2 PN,50,1999.0,39.98,2
District 9,2 PN,50,1700.0,34.0,2
District 9,2 PN,47,1790.0,38.09,2
District 9,2 PN,47,1780.0,37.87,2
District 9,2 PN,47,1771.0,37.68,2
District 9,2 PN,47,1699.0,36.15,2
District 9,2 PN,47,1293.0,27.51,2
District 9,2 PN,47,1271.0,27.04,2
District 9,2 PN,47,2100.0,45.16,2
District 9,1 PN,73,4290.0,58.77,1
District 9,1 PN,68,1735.0,25.51,1
District 9,1 PN,63,2300.0,36.51,1
District 9,1 PN,60,1850.0,30.83,1
District 9,1 PN,58,1950.0,33.62,1
District 9,1 PN,58,1600.0,27.59,1
District 9,1 PN,57,1890.0,33.16,1
District 9,1 PN,56,1800.0,32.14,1
District 9,2 PN,50,3200.0,64.0,2
District 9,1 PN,54,1710.0,31.67,1
District 9,2 PN,51,1730.0,33.71,2
District 9,2 PN,54,1300.0,24.07,2
District 9,2 PN,58,1400.0,24.14,2
District 9,2 PN,58,1400.0,24.14,2
District 9,2 PN,58,1400.0,24.14,2
District 9,2 PN,58,1400.0,24.14,2
District 9,2 PN,58,1400.0,24.14,2
District 9,2 PN,58,1400.0,24.14,2
District 9,2 PN,58,1400.0,24.14,2
District 9,2 PN,58,1400.0,24.14,2
District 9,2 PN,58,1400.0,24.14,2
District 9,2 PN,58,1400.0,24.14,2
District 9,2 PN,58,1400.0,24.14,2
District 9,2 PN,56,1335.0,23.65,2
District 9,2 PN,56,1930.0,34.46,2
District 9,2 PN,55,2000.0,36.36,2
District 9,2 PN,55,1850.0,33.64,2
District 9,2 PN,55,1775.0,32.27,2
District 9,2 PN,54,1920.0,35.56,2
District 9,2 PN,70,2250.0,32.14,2
District 9,2 PN,58,1600.0,27.59,2
District 9,1 PN,52,3100.0,59.62,1
District 9,1 PN,50,3000.0,60.0,1
District 9,1 PN,46,1545.0,33.59,1
District 9,1 PN,46,2800.0,61.4,1
District 9,1 PN,40,1400.0,35.0,1
District 9,1 PN,40,960.0,24.0,1
District 9,1 PN,33,1240.0,37.58,1
District 9,1 PN,31,1400.0,45.16,1
District 9,1 PN,31,1270.0,40.97,1
District 9,1 PN,31,850.0,27.42,1
District 9,1 PN,30,1230.0,40.86,1
District 9,1 PN,30,399.0,13.26,1
District 9,1 PN,30,1370.0,45.67,1
District 9,1 PN,30,1300.0,43.33,1
District 9,1 PN,30,1300.0,43.33,1
District 9,1 PN,30,1280.0,42.67,1
District 9,1 PN,30,1250.0,41.67,1
District 9,1 PN,30,517.0,17.23,1
District 9,1 PN,25,4600.0,184.0,1
District 9,1 PN,46,1900.0,41.3,1
District 9,1 PN,51,1950.0,38.24,1
District 9,1 PN,46,1900.0,41.3,1
District 9,1 PN,47,1750.0,37.63,1
District 9,1 PN,50,2150.0,43.0,1
District 9,1 PN,50,2150.0,43.0,1
District 9,1 PN,48,2300.0,47.92,1
District 9,1 PN,48,1860.0,39.16,1
District 9,1 PN,47,2500.0,53.19,1
District 9,1 PN,47,2000.0,42.55,1
District 9,1 PN,47,1990.0,42.34,1
District 9,1 PN,47,1980.0,42.13,1
District 9,1 PN,47,1930.0,41.06,1
District 9,1 PN,47,1870.0,39.79,1
District 9,1 PN,47,1830.0,38.94,1
District 9,1 PN,47,1730.0,36.81,1
District 9,1 PN,47,1700.0,36.17,1
District 9,1 PN,47,1700.0,36.17,1
District 9,1 PN,47,1590.0,33.83,1
District 9,1 PN,47,1288.0,27.4,1
District 9,1 PN,47,400.0,8.51,1
District 9,1 PN,46,2100.0,45.65,1
District 9,2 PN,58,1900.0,32.76,2
District 9,2 PN,52,3300.0,63.46,2
District 9,2 PN,58,2200.0,37.93,2
District 9,2 PN,68,2600.0,38.24,2
District 9,2 PN,68,2586.0,38.03,2
District 9,2 PN,68,2450.0,36.03,2
District 9,2 PN,68,2400.0,35.29,2
District 9,2 PN,68,2100.0,30.88,2
District 9,2 PN,68,2000.0,29.41,2
District 9,2 PN,68,2000.0,29.41,2
District 9,2 PN,68,1721.0,25.31,2
District 9,2 PN,68,1000.0,14.71,2
District 9,2 PN,68,2250.0,33.23,2
District 9,2 PN,68,2300.0,34.07,2
District 9,2 PN,67,3000.0,44.78,2
District 9,2 PN,67,3000.0,44.78,2
District 9,2 PN,67,1930.0,28.81,2
District 9,2 PN,66,2400.0,36.36,2
District 9,2 PN,66,2390.0,36.21,2
District 9,2 PN,66,2390.0,36.21,2
District 9,2 PN,68,2730.0,40.15,2
District 9,2 PN,66,2370.0,35.91,2
District 9,2 PN,58,1950.0,33.62,2
District 9,2 PN,69,2360.0,34.2,2
District 9,2 PN,70,2850.0,40.95,2
District 9,2 PN,69,3300.0,47.69,2
District 9,2 PN,69,2500.0,36.13,2
District 9,2 PN,69,1925.0,27.82,2
District 9,2 PN,69,2900.0,42.03,2
District 9,2 PN,69,2900.0,42.03,2
District 9,2 PN,69,2870.0,41.59,2
District 9,2 PN,69,2750.0,39.86,2
District 9,2 PN,69,2650.0,38.41,2
District 9,2 PN,69,2600.0,37.68,2
District 9,2 PN,69,2600.0,37.68,2
District 9,2 PN,69,2590.0,37.54,2
District 9,2 PN,69,2500.0,36.23,2
District 9,2 PN,69,2500.0,36.23,2
District 9,2 PN,69,2450.0,35.51,2
District 9,2 PN,69,2450.0,35.51,2
District 9,2 PN,69,2400.0,34.78,2
District 9,2 PN,69,1780.0,25.8,2
District 9,2 PN,66,2350.0,35.61,2
District 9,2 PN,68,2900.0,42.65,2
District 9,2 PN,65,2400.0,36.92,2
District 9,2 PN,59,2200.0,37.29,2
District 9,2 PN,59,2150.0,36.44,2
District 9,2 PN,59,2015.0,34.15,2
District 9,2 PN,59,2000.0,33.9,2
District 9,2 PN,59,2000.0,33.9,2
District 9,2 PN,59,1980.0,33.56,2
District 9,2 PN,59,1920.0,32.54,2
District 9,2 PN,59,1912.0,32.41,2
District 9,2 PN,59,1690.0,28.64,2
District 9,2 PN,59,1635.0,27.71,2
District 9,2 PN,59,1470.0,24.92,2
District 9,2 PN,59,1435.0,24.32,2
District 9,2 PN,59,1295.0,21.95,2
District 9,2 PN,59,580.0,9.83,2
District 9,2 PN,58,2200.0,37.85,2
District 9,2 PN,66,2350.0,35.61,2
District 9,2 PN,58,2150.0,37.01,2
District 9,2 PN,59,2200.0,37.29,2
District 9,2 PN,59,2270.0,38.47,2
District 9,2 PN,59,1999.0,33.88,2
District 9,2 PN,59,2800.0,47.46,2
District 9,2 PN,65,1400.0,21.54,2
District 9,2 PN,59,2500.0,42.37,2
District 9,2 PN,63,2500.0,39.68,2
District 9,2 PN,62,2600.0,41.94,2
District 9,2 PN,62,1850.0,29.84,2
District 9,2 PN,61,2100.0,34.43,2
District 9,2 PN,61,657.0,10.77,2
District 9,2 PN,65,1950.0,30.0,2
District 9,2 PN,60,2160.0,36.0,2
District 9,2 PN,60,1870.0,31.17,2
District 9,2 PN,60,2400.0,40.0,2
District 9,2 PN,60,1713.0,28.55,2
District 9,2 PN,60,500.0,8.33,2
District 9,2 PN,59,2100.0,35.35,2
District 9,2 PN,59,1996.0,33.6,2
District 9,2 PN,59,1899.0,31.97,2
District 9,2 PN,59,2950.0,50.0,2
District 9,2 PN,60,1850.0,30.83,2
Go Vap,2 PN,65,1100.0,16.92,2
Go Vap,2 PN,65,2100.0,32.31,2
Go Vap,2 PN,67,800.0,11.94,2
Go Vap,2 PN,64,2500.0,39.06,2
Go Vap,2 PN,64,1600.0,25.0,2
Go Vap,2 PN,62,1310.0,21.03,2
Go Vap,2 PN,62,2300.0,37.1,2
Go Vap,2 PN,60,2000.0,33.33,2
Go Vap,2 PN,50,1800.0,36.0,2
Go Vap,2 PN,60,1730.0,28.83,2
Go Vap,2 PN,57,2200.0,38.6,2
Go Vap,2 PN,57,2200.0,38.6,2
Go Vap,2 PN,53,1900.0,35.85,2
Go Vap,2 PN,52,1900.0,36.54,2
Go Vap,2 PN,52,1750.0,33.65,2
Go Vap,2 PN,70,3900.0,55.71,2
Go Vap,2 PN,46,1850.0,40.22,2
Go Vap,2 PN,36,920.0,25.56,2
Go Vap,2 PN,60,1970.0,32.83,2
Go Vap,2 PN,72,2950.0,40.97,2
Go Vap,3 PN,93,2850.0,30.65,3
Go Vap,2 PN,72,3700.0,51.39,2
Go Vap,3 PN,115,5400.0,46.96,3
Go Vap,2 PN,35,3000.0,85.71,2
Go Vap,3 PN,112,5400.0,48.21,3
Go Vap,3 PN,75,2700.0,36.0,3
Go Vap,3 PN,73,2650.0,36.3,3
Go Vap,3 PN,70,2600.0,37.14,3
Go Vap,3 PN,65,2000.0,30.77,3
Go Vap,2 PN,84,3800.0,45.45,2
Go Vap,2 PN,84,3800.0,45.45,2
Go Vap,2 PN,72,3680.0,51.11,2
Go Vap,2 PN,79,3300.0,41.77,2
Go Vap,2 PN,77,2200.0,28.57,2
Go Vap,2 PN,77,1680.0,21.9,2
Go Vap,2 PN,76,3650.0,48.03,2
Go Vap,2 PN,76,3000.0,39.47,2
Go Vap,2 PN,76,1500.0,19.74,2
Go Vap,2 PN,75,3850.0,51.33,2
Go Vap,2 PN,75,3800.0,50.67,2
Go Vap,2 PN,73,1980.0,27.12,2
Go Vap,2 PN,72,3700.0,51.39,2
Go Vap,2 PN,77,4100.0,53.25,2
Go Vap,1 PN,56,1500.0,26.83,1
Go Vap,2 PN,62,2250.0,36.29,2
Hoc Mon,3 PN,78,1630.0,20.9,3
Hoc Mon,2 PN,50,1000.0,20.0,2
Hoc Mon,2 PN,50,700.0,14.0,2
Hoc Mon,1 PN,48,252.0,5.25,1
Hoc Mon,1 PN,42,220.0,5.24,1
Hoc Mon,1 PN,40,450.0,11.25,1
Hoc Mon,1 PN,35,340.0,9.71,1
Hoc Mon,1 PN,33,460.0,13.94,1
Hoc Mon,2 PN,108,2700.0,25.0,2
Nha Be,2 PN,100,2300.0,23.0,2
Nha Be,2 PN,88,2750.0,31.25,2
Nha Be,2 PN,85,2200.0,25.88,2
Nha Be,2 PN,84,2950.0,35.12,2
Nha Be,2 PN,84,2200.0,26.19,2
Nha Be,2 PN,82,4500.0,54.88,2
Nha Be,2 PN,77,1680.0,21.82,2
Nha Be,2 PN,76,3600.0,47.37,2
Nha Be,2 PN,76,3430.0,45.13,2
Nha Be,2 PN,88,2450.0,27.84,2
Nha Be,2 PN,76,1750.0,23.03,2
Nha Be,2 PN,73,2500.0,34.25,2
Nha Be,3 PN,83,3400.0,40.96,3
Nha Be,2 PN,73,3500.0,47.95,2
Nha Be,5 PN,260,3350.0,12.88,5
Nha Be,5 PN,242,3900.0,16.12,5
Nha Be,4 PN,240,4300.0,17.92,4
Nha Be,4 PN,220,4300.0,19.55,4
Nha Be,3 PN,192,3700.0,19.27,3
Nha Be,3 PN,129,2900.0,22.48,3
Nha Be,3 PN,129,2900.0,22.48,3
Nha Be,3 PN,129,2800.0,21.71,3
Nha Be,3 PN,121,2600.0,21.49,3
Nha Be,3 PN,110,2550.0,23.18,3
Nha Be,3 PN,106,2350.0,22.17,3
Nha Be,3 PN,104,4800.0,46.15,3
Nha Be,3 PN,100,3750.0,37.37,3
Nha Be,3 PN,84,3250.0,38.69,3
Nha Be,3 PN,84,2400.0,28.57,3
Nha Be,3 PN,83,3450.0,41.57,3
Nha Be,3 PN,83,2800.0,33.73,3
Nha Be,2 PN,76,1680.0,22.11,2
Nha Be,3 PN,95,3700.0,38.95,3
Nha Be,2 PN,75,1820.0,24.27,2
Nha Be,2 PN,76,1680.0,22.11,2
Nha Be,2 PN,72,1780.0,24.72,2
Nha Be,2 PN,72,1750.0,24.31,2
Nha Be,2 PN,71,3500.0,49.3,2
Nha Be,2 PN,71,2880.0,40.56,2
Nha Be,2 PN,70,3550.0,50.71,2
Nha Be,2 PN,70,3400.0,48.57,2
Nha Be,2 PN,70,3300.0,47.14,2
Nha Be,2 PN,70,2900.0,41.43,2
Nha Be,2 PN,67,1200.0,17.91,2
Nha Be,2 PN,67,1100.0,16.42,2
Nha Be,2 PN,65,1200.0,18.46,2
Nha Be,2 PN,62,1900.0,30.65,2
Nha Be,2 PN,62,1800.0,29.03,2
Nha Be,2 PN,60,2000.0,33.33,2
Nha Be,2 PN,70,2800.0,40.0,2
Nha Be,2 PN,75,1800.0,24.0,2
Nha Be,2 PN,58,1780.0,30.69,2
Nha Be,2 PN,75,1800.0,24.0,2
Nha Be,2 PN,75,1780.0,23.73,2
Nha Be,2 PN,75,1780.0,23.73,2
Nha Be,2 PN,75,1760.0,23.47,2
Nha Be,2 PN,75,1750.0,23.33,2
Nha Be,2 PN,75,1780.0,23.73,2
Nha Be,2 PN,75,1650.0,22.0,2
Nha Be,2 PN,75,1650.0,22.0,2
Nha Be,1 PN,50,2300.0,46.0,1
Nha Be,1 PN,50,2600.0,52.0,1
Nha Be,2 PN,50,500.0,10.0,2
Nha Be,2 PN,75,1750.0,23.33,2
Nha Be,2 PN,75,1820.0,24.27,2
Phu Nhuan,2 PN,75,3820.0,50.93,2
Phu Nhuan,2 PN,93,4400.0,47.31,2
Phu Nhuan,2 PN,75,4000.0,53.33,2
Phu Nhuan,2 PN,75,4300.0,57.33,2
Phu Nhuan,2 PN,78,5300.0,67.95,2
Phu Nhuan,2 PN,83,5500.0,66.27,2
Phu Nhuan,3 PN,90,7300.0,81.11,3
Phu Nhuan,3 PN,83,4900.0,59.04,3
Phu Nhuan,3 PN,83,4900.0,59.04,3
Phu Nhuan,3 PN,85,5100.0,60.0,3
Phu Nhuan,3 PN,85,5500.0,64.71,3
Phu Nhuan,3 PN,88,5600.0,63.64,3
Phu Nhuan,2 PN,74,4250.0,57.43,2
Phu Nhuan,3 PN,50,3500.0,70.0,3
Phu Nhuan,2 PN,71,4900.0,69.01,2
Phu Nhuan,1 PN,52,2850.0,54.81,1
Phu Nhuan,2 PN,70,3800.0,54.29,2
Phu Nhuan,2 PN,70,5100.0,72.86,2
Phu Nhuan,1 PN,33,2000.0,60.61,1
Phu Nhuan,1 PN,34,1920.0,56.47,1
Phu Nhuan,1 PN,36,2100.0,58.33,1
Phu Nhuan,1 PN,38,2200.0,57.89,1
Phu Nhuan,1 PN,41,2150.0,52.44,1
Phu Nhuan,1 PN,34,2120.0,62.35,1
Phu Nhuan,2 PN,54,2670.0,49.44,2
Phu Nhuan,2 PN,57,2600.0,45.61,2
Phu Nhuan,2 PN,65,2780.0,42.77,2
Phu Nhuan,2 PN,69,4800.0,69.57,2
Phu Nhuan,2 PN,70,3350.0,47.86,2
Phu Nhuan,1 PN,70,4300.0,61.43,1
Tan Binh,2 PN,80,3700.0,46.25,2
Tan Binh,2 PN,70,4150.0,59.29,2
Tan Binh,2 PN,71,2475.0,34.86,2
Tan Binh,2 PN,73,4000.0,54.79,2
Tan Binh,2 PN,74,4270.0,57.7,2
Tan Binh,2 PN,77,3000.0,38.96,2
Tan Binh,2 PN,87,2950.0,33.91,2
Tan Binh,3 PN,129,6000.0,46.51,3
Tan Binh,2 PN,90,2870.0,31.89,2
Tan Binh,2 PN,91,3100.0,34.25,2
Tan Binh,3 PN,96,5150.0,53.65,3
Tan Binh,3 PN,100,3700.0,37.0,3
Tan Binh,3 PN,105,6330.0,60.29,3
Tan Binh,2 PN,68,3500.0,51.47,2
Tan Binh,2 PN,90,2800.0,31.11,2
Tan Binh,2 PN,68,2500.0,36.76,2
Tan Binh,2 PN,70,3750.0,53.57,2
Tan Binh,2 PN,57,3320.0,58.25,2
Tan Binh,1 PN,33,850.0,25.76,1
Tan Binh,1 PN,33,926.0,28.06,1
Tan Binh,1 PN,34,1970.0,57.94,1
Tan Binh,1 PN,35,2200.0,62.86,1
Tan Binh,1 PN,36,1800.0,50.0,1
Tan Binh,1 PN,36,1950.0,54.17,1
Tan Binh,1 PN,46,1390.0,30.22,1
Tan Binh,2 PN,60,870.0,14.5,2
Tan Binh,1 PN,55,3150.0,57.27,1
Tan Binh,1 PN,56,3200.0,57.14,1
Tan Binh,1 PN,86,15000.0,174.22,1
Tan Binh,2 PN,57,2100.0,36.84,2
Tan Binh,2 PN,57,2300.0,40.35,2
Tan Binh,2 PN,57,3300.0,57.89,2
Tan Binh,1 PN,50,2980.0,59.6,1
Tan Phu,3 PN,84,2800.0,33.33,3
Tan Phu,3 PN,83,3260.0,39.28,3
Tan Phu,3 PN,83,3200.0,38.55,3
Tan Phu,3 PN,80,2450.0,30.63,3
Tan Phu,2 PN,121,7823.0,64.65,2
Tan Phu,3 PN,84,3450.0,41.07,3
Tan Phu,2 PN,119,5750.0,48.32,2
Tan Phu,2 PN,112,5660.0,50.54,2
Tan Phu,3 PN,75,2500.0,33.33,3
Tan Phu,3 PN,86,3100.0,36.05,3
Tan Phu,3 PN,88,2800.0,31.82,3
Tan Phu,3 PN,86,3450.0,40.12,3
Tan Phu,3 PN,86,3800.0,44.19,3
Tan Phu,3 PN,88,3200.0,36.36,3
Tan Phu,3 PN,88,3200.0,36.36,3
Tan Phu,3 PN,88,3200.0,36.36,3
Tan Phu,2 PN,112,5660.0,50.54,2
Tan Phu,3 PN,88,3700.0,42.05,3
Tan Phu,3 PN,88,2950.0,33.45,3
Tan Phu,3 PN,89,2700.0,30.34,3
Tan Phu,3 PN,90,2550.0,28.33,3
Tan Phu,3 PN,90,2550.0,28.33,3
Tan Phu,3 PN,86,3150.0,36.63,3
Tan Phu,2 PN,105,4650.0,44.29,2
Tan Phu,2 PN,92,4506.0,48.98,2
Tan Phu,2 PN,96,7400.0,77.08,2
Tan Phu,2 PN,78,2780.0,35.64,2
Tan Phu,2 PN,78,2900.0,37.18,2
Tan Phu,2 PN,80,2150.0,26.88,2
Tan Phu,2 PN,82,2300.0,28.05,2
Tan Phu,2 PN,83,1975.0,23.88,2
Tan Phu,4 PN,152,6400.0,42.11,4
Tan Phu,2 PN,84,3800.0,45.24,2
Tan Phu,2 PN,84,4350.0,51.79,2
Tan Phu,2 PN,85,4250.0,50.0,2
Tan Phu,2 PN,85,5210.0,61.29,2
Tan Phu,2 PN,85,5500.0,64.71,2
Tan Phu,2 PN,98,5140.0,52.61,2
Tan Phu,2 PN,85,5066.0,59.32,2
Tan Phu,2 PN,87,2100.0,24.28,2
Tan Phu,2 PN,88,4300.0,48.86,2
Tan Phu,2 PN,89,4320.0,48.65,2
Tan Phu,2 PN,89,5185.0,58.39,2
Tan Phu,2 PN,89,5326.0,59.98,2
Tan Phu,2 PN,90,3150.0,35.0,2
Tan Phu,3 PN,90,2750.0,30.56,3
Tan Phu,2 PN,93,4450.0,48.11,2
Tan Phu,2 PN,96,4900.0,51.04,2
Tan Phu,2 PN,96,4950.0,51.56,2
Tan Phu,2 PN,96,5100.0,53.13,2
Tan Phu,2 PN,86,3900.0,45.19,2
Tan Phu,3 PN,90,3100.0,34.44,3
Tan Phu,3 PN,92,3630.0,39.46,3
Tan Phu,3 PN,91,3250.0,35.71,3
Tan Phu,3 PN,117,5770.0,49.32,3
Tan Phu,3 PN,117,5980.0,51.11,3
Tan Phu,3 PN,117,7200.0,61.54,3
Tan Phu,3 PN,117,5620.0,47.91,3
Tan Phu,3 PN,119,5590.0,46.97,3
Tan Phu,3 PN,119,5750.0,48.32,3
Tan Phu,3 PN,119,5750.0,48.32,3
Tan Phu,3 PN,120,5600.0,46.82,3
Tan Phu,3 PN,121,8941.0,73.95,3
Tan Phu,3 PN,121,8092.0,66.88,3
Tan Phu,3 PN,127,4350.0,34.25,3
Tan Phu,3 PN,127,4460.0,35.12,3
Tan Phu,3 PN,127,4550.0,35.83,3
Tan Phu,3 PN,127,4700.0,37.01,3
Tan Phu,3 PN,127,4850.0,38.19,3
Tan Phu,3 PN,131,6750.0,51.53,3
Tan Phu,3 PN,135,7920.0,58.67,3
Tan Phu,3 PN,141,7250.0,51.42,3
Tan Phu,3 PN,198,10800.0,54.55,3
Tan Phu,4 PN,100,3880.0,38.8,4
Tan Phu,4 PN,100,3900.0,39.0,4
Tan Phu,4 PN,100,3950.0,39.5,4
Tan Phu,2 PN,77,2680.0,34.72,2
Tan Phu,3 PN,113,4000.0,35.4,3
Tan Phu,3 PN,112,4300.0,38.39,3
Tan Phu,3 PN,112,4250.0,37.95,3
Tan Phu,3 PN,112,4000.0,35.71,3
Tan Phu,3 PN,91,3250.0,35.71,3
Tan Phu,3 PN,91,3450.0,37.91,3
Tan Phu,3 PN,91,3500.0,38.46,3
Tan Phu,3 PN,91,3750.0,41.21,3
Tan Phu,3 PN,91,4200.0,46.15,3
Tan Phu,3 PN,92,4200.0,45.65,3
Tan Phu,3 PN,93,3700.0,39.78,3
Tan Phu,3 PN,94,3600.0,38.3,3
Tan Phu,3 PN,94,3800.0,40.43,3
Tan Phu,3 PN,98,4500.0,45.92,3
Tan Phu,3 PN,104,3890.0,37.4,3
Tan Phu,3 PN,90,3900.0,43.33,3
Tan Phu,3 PN,104,4450.0,42.79,3
Tan Phu,3 PN,104,5100.0,49.04,3
Tan Phu,3 PN,104,5211.0,50.11,3
Tan Phu,3 PN,105,4535.0,43.4,3
Tan Phu,3 PN,105,4700.0,44.98,3
Tan Phu,3 PN,105,3350.0,31.9,3
Tan Phu,3 PN,105,3850.0,36.67,3
Tan Phu,3 PN,105,3900.0,37.14,3
Tan Phu,3 PN,106,3500.0,33.02,3
Tan Phu,3 PN,106,3500.0,33.02,3
Tan Phu,3 PN,106,3500.0,33.02,3
Tan Phu,3 PN,107,5360.0,50.09,3
Tan Phu,3 PN,104,4500.0,43.27,3
Tan Phu,2 PN,77,2800.0,36.36,2
Tan Phu,2 PN,71,3500.0,49.02,2
Tan Phu,2 PN,75,2300.0,30.67,2
Tan Phu,2 PN,61,3100.0,50.82,2
Tan Phu,2 PN,62,2400.0,38.71,2
Tan Phu,2 PN,62,3180.0,51.29,2
Tan Phu,2 PN,63,1950.0,30.95,2
Tan Phu,2 PN,63,1950.0,30.95,2
Tan Phu,2 PN,63,1950.0,30.95,2
Tan Phu,2 PN,63,1980.0,31.43,2
Tan Phu,2 PN,63,2550.0,40.48,2
Tan Phu,2 PN,63,2680.0,42.54,2
Tan Phu,2 PN,63,2850.0,45.24,2
Tan Phu,2 PN,63,3500.0,55.56,2
Tan Phu,2 PN,64,2950.0,46.24,2
Tan Phu,2 PN,64,3049.0,47.79,2
Tan Phu,2 PN,64,1800.0,28.13,2
Tan Phu,2 PN,64,2000.0,31.25,2
Tan Phu,2 PN,64,2350.0,36.72,2
Tan Phu,2 PN,64,2370.0,37.03,2
Tan Phu,2 PN,64,3500.0,54.69,2
Tan Phu,2 PN,64,2870.0,44.63,2
Tan Phu,2 PN,65,1500.0,23.08,2
Tan Phu,2 PN,65,2300.0,35.38,2
Tan Phu,2 PN,65,2500.0,38.46,2
Tan Phu,2 PN,65,2600.0,40.0,2
Tan Phu,2 PN,61,2750.0,45.08,2
Tan Phu,2 PN,60,3150.0,52.5,2
Tan Phu,2 PN,60,1850.0,30.83,2
Tan Phu,2 PN,59,1800.0,30.51,2
Tan Phu,2 PN,75,2350.0,31.33,2
Tan Phu,1 PN,45,1350.0,30.0,1
Tan Phu,1 PN,47,1380.0,29.36,1
Tan Phu,1 PN,49,2350.0,47.96,1
Tan Phu,1 PN,50,1950.0,39.0,1
Tan Phu,1 PN,50,2200.0,44.0,1
Tan Phu,1 PN,50,2250.0,45.0,1
Tan Phu,1 PN,53,2350.0,44.34,1
Tan Phu,1 PN,53,2350.0,44.34,1
Tan Phu,1 PN,53,2500.0,47.17,1
Tan Phu,2 PN,52,1680.0,32.31,2
Tan Phu,2 PN,65,2750.0,42.31,2
Tan Phu,2 PN,53,2400.0,45.28,2
Tan Phu,2 PN,53,2700.0,50.94,2
Tan Phu,2 PN,55,2000.0,36.36,2
Tan Phu,2 PN,55,2170.0,39.45,2
Tan Phu,2 PN,55,2500.0,45.45,2
Tan Phu,2 PN,56,1700.0,30.36,2
Tan Phu,2 PN,56,2500.0,44.64,2
Tan Phu,2 PN,56,2500.0,44.64,2
Tan Phu,2 PN,58,1600.0,27.59,2
Tan Phu,2 PN,58,1850.0,31.9,2
Tan Phu,2 PN,59,1750.0,29.86,2
Tan Phu,2 PN,59,1625.0,27.54,2
Tan Phu,2 PN,53,2500.0,47.17,2
Tan Phu,2 PN,65,2750.0,42.31,2
Tan Phu,2 PN,59,1750.0,29.66,2
Tan Phu,2 PN,65,2850.0,43.85,2
Tan Phu,2 PN,69,1450.0,21.01,2
Tan Phu,2 PN,69,2000.0,28.99,2
Tan Phu,2 PN,69,2600.0,37.68,2
Tan Phu,2 PN,69,2730.0,39.57,2
Tan Phu,2 PN,70,1380.0,19.71,2
Tan Phu,2 PN,70,2650.0,37.86,2
Tan Phu,2 PN,70,2700.0,38.57,2
Tan Phu,2 PN,71,2650.0,37.32,2
Tan Phu,2 PN,71,2700.0,38.03,2
Tan Phu,2 PN,71,2750.0,38.73,2
Tan Phu,2 PN,71,2800.0,39.44,2
Tan Phu,2 PN,71,3150.0,44.37,2
Tan Phu,2 PN,71,3350.0,47.18,2
Tan Phu,2 PN,71,3400.0,47.89,2
Tan Phu,2 PN,71,3400.0,47.89,2
Tan Phu,2 PN,71,3450.0,48.59,2
Tan Phu,2 PN,72,2330.0,32.36,2
Tan Phu,2 PN,73,2250.0,30.82,2
Tan Phu,2 PN,73,2360.0,32.33,2
Tan Phu,2 PN,73,2800.0,38.36,2
Tan Phu,2 PN,74,3230.0,43.65,2
Tan Phu,2 PN,65,2800.0,43.08,2
Tan Phu,2 PN,75,2150.0,28.67,2
Tan Phu,2 PN,69,2630.0,38.23,2
Tan Phu,2 PN,68,2760.0,40.59,2
Tan Phu,2 PN,71,2750.0,38.73,2
Tan Phu,2 PN,67,2350.0,35.07,2
Tan Phu,2 PN,65,2900.0,44.62,2
Tan Phu,2 PN,65,3000.0,46.15,2
Tan Phu,2 PN,67,2600.0,38.81,2
Tan Phu,2 PN,65,3500.0,53.85,2
Tan Phu,2 PN,65,2600.0,39.88,2
Tan Phu,2 PN,65,2850.0,43.58,2
Tan Phu,2 PN,66,2150.0,32.58,2
Tan Phu,2 PN,66,2150.0,32.58,2
Tan Phu,2 PN,66,2330.0,35.3,2
Tan Phu,2 PN,66,2350.0,35.61,2
Tan Phu,2 PN,66,2350.0,35.61,2
Tan Phu,2 PN,66,2380.0,36.06,2
Tan Phu,2 PN,66,2400.0,36.36,2
Tan Phu,2 PN,66,2300.0,34.85,2
Tan Phu,2 PN,66,2400.0,36.36,2
Tan Phu,2 PN,66,2400.0,36.36,2
Tan Phu,2 PN,66,2400.0,36.36,2
Tan Phu,2 PN,66,2480.0,37.58,2
Tan Phu,2 PN,66,2500.0,37.88,2
Tan Phu,2 PN,66,2510.0,38.03,2
Tan Phu,2 PN,66,2550.0,38.64,2
Tan Phu,2 PN,66,2580.0,39.09,2
Tan Phu,2 PN,66,2600.0,39.39,2
Tan Phu,2 PN,66,2650.0,40.15,2
Tan Phu,2 PN,67,1800.0,26.87,2
Thu Duc,2 PN,68,2750.0,40.44,2
Thu Duc,2 PN,68,2750.0,40.44,2
Thu Duc,2 PN,68,2900.0,42.65,2
Thu Duc,2 PN,68,2930.0,43.09,2
Thu Duc,2 PN,71,2500.0,35.21,2
Thu Duc,2 PN,69,2550.0,36.96,2
Thu Duc,2 PN,68,3100.0,45.59,2
Thu Duc,2 PN,69,540.0,7.83,2
Thu Duc,2 PN,69,3200.0,46.38,2
Thu Duc,2 PN,69,3100.0,44.93,2
Thu Duc,2 PN,68,2650.0,38.97,2
Thu Duc,2 PN,68,3000.0,44.12,2
Thu Duc,2 PN,68,2600.0,38.24,2
Thu Duc,2 PN,67,2850.0,42.35,2
Thu Duc,2 PN,68,2600.0,38.24,2
Thu Duc,2 PN,68,2600.0,38.24,2
Thu Duc,2 PN,68,2400.0,35.29,2
Thu Duc,2 PN,68,2380.0,35.0,2
Thu Duc,2 PN,68,2300.0,33.82,2
Thu Duc,2 PN,68,2300.0,33.82,2
Thu Duc,2 PN,68,2300.0,33.82,2
Thu Duc,2 PN,68,1500.0,22.06,2
Thu Duc,2 PN,67,3000.0,44.58,2
Thu Duc,2 PN,67,3300.0,49.25,2
Thu Duc,2 PN,67,2850.0,42.54,2
Thu Duc,2 PN,71,2500.0,35.21,2
Thu Duc,2 PN,67,2800.0,41.79,2
Thu Duc,2 PN,68,2600.0,38.24,2
Thu Duc,2 PN,73,2830.0,38.77,2
Thu Duc,3 PN,145,5600.0,38.62,3
Thu Duc,2 PN,74,2400.0,32.43,2
Thu Duc,2 PN,67,2600.0,38.81,2
Thu Duc,nhiều hơn 10 PN,80,5860.0,73.25,10
Thu Duc,4 PN,60,5800.0,96.67,4
Thu Duc,3 PN,270,11400.0,42.22,3
Thu Duc,3 PN,270,10870.0,40.25,3
Thu Duc,3 PN,101,3600.0,35.64,3
Thu Duc,3 PN,90,3850.0,42.78,3
Thu Duc,3 PN,89,3750.0,42.13,3
Thu Duc,3 PN,89,3500.0,39.33,3
Thu Duc,3 PN,87,3500.0,40.23,3
Thu Duc,3 PN,87,3500.0,40.23,3
Thu Duc,3 PN,67,3000.0,44.78,3
Thu Duc,2 PN,162,6000.0,37.04,2
Thu Duc,2 PN,95,2900.0,30.62,2
Thu Duc,2 PN,85,2330.0,27.41,2
Thu Duc,2 PN,85,2320.0,27.29,2
Thu Duc,2 PN,85,870.0,10.24,2
Thu Duc,2 PN,84,2750.0,32.74,2
Thu Duc,2 PN,80,6700.0,83.75,2
Thu Duc,2 PN,76,720.0,9.47,2
Thu Duc,2 PN,75,3000.0,40.0,2
Thu Duc,2 PN,75,2700.0,36.0,2
Thu Duc,2 PN,75,2700.0,36.0,2
Thu Duc,2 PN,75,2500.0,33.33,2
Thu Duc,2 PN,75,2500.0,33.33,2
Thu Duc,2 PN,75,2500.0,33.33,2
Thu Duc,2 PN,75,1850.0,24.67,2
Thu Duc,2 PN,74,2150.0,29.05,2
Thu Duc,2 PN,67,2350.0,35.07,2
Thu Duc,1 PN,39,1150.0,29.49,1
Thu Duc,2 PN,67,540.0,8.06,2
Thu Duc,2 PN,50,1600.0,32.0,2
Thu Duc,2 PN,50,1600.0,32.0,2
Thu Duc,2 PN,50,1550.0,31.0,2
Thu Duc,2 PN,50,1470.0,29.4,2
Thu Duc,2 PN,47,1100.0,23.4,2
Thu Duc,2 PN,47,1100.0,23.4,2
Thu Duc,2 PN,46,1485.0,32.28,2
Thu Duc,1 PN,104,5250.0,50.48,1
Thu Duc,1 PN,52,2200.0,42.31,1
Thu Duc,1 PN,51,2300.0,45.1,1
Thu Duc,1 PN,51,2200.0,43.14,1
Thu Duc,1 PN,51,2100.0,41.18,1
Thu Duc,1 PN,51,1700.0,33.33,1
Thu Duc,1 PN,51,1600.0,31.37,1
Thu Duc,1 PN,51,1600.0,31.37,1
Thu Duc,1 PN,50,1950.0,39.0,1
Thu Duc,1 PN,50,1700.0,34.0,1
Thu Duc,1 PN,45,1250.0,27.78,1
Thu Duc,1 PN,45,1250.0,27.78,1
Thu Duc,1 PN,45,1250.0,27.78,1
Thu Duc,1 PN,39,1100.0,28.21,1
Thu Duc,1 PN,38,1200.0,31.5,1
Thu Duc,1 PN,38,1190.0,31.32,1
Thu Duc,1 PN,38,1180.0,31.05,1
Thu Duc,1 PN,37,1200.0,32.43,1
Thu Duc,1 PN,37,1180.0,31.89,1
Thu Duc,nhiều hơn 10 PN,210,790.0,3.76,10
Thu Duc,2 PN,50,1700.0,34.0,2
Thu Duc,2 PN,67,2350.0,35.07,2
Thu Duc,2 PN,50,1790.0,35.8,2
Thu Duc,2 PN,51,1850.0,36.27,2
Thu Duc,2 PN,67,330.0,4.93,2
Thu Duc,2 PN,65,2900.0,44.62,2
Thu Duc,2 PN,65,2300.0,35.38,2
Thu Duc,2 PN,65,1500.0,23.08,2
Thu Duc,2 PN,62,2390.0,38.55,2
Thu Duc,2 PN,62,1735.0,27.98,2
Thu Duc,2 PN,61,1750.0,28.69,2
Thu Duc,2 PN,61,1690.0,27.7,2
Thu Duc,2 PN,61,1100.0,18.03,2
Thu Duc,2 PN,60,2699.0,44.98,2
Thu Duc,2 PN,58,1850.0,31.9,2
Thu Duc,2 PN,58,1850.0,31.9,2
Thu Duc,2 PN,58,1600.0,27.59,2
Thu Duc,2 PN,57,2250.0,39.47,2
Thu Duc,2 PN,57,2200.0,38.6,2
Thu Duc,2 PN,57,2100.0,36.84,2
Thu Duc,2 PN,57,1440.0,25.49,2
Thu Duc,2 PN,56,1970.0,35.18,2
Thu Duc,2 PN,56,1600.0,28.57,2
Thu Duc,2 PN,56,1800.0,32.36,2
Thu Duc,2 PN,55,1400.0,25.45,2
Thu Duc,2 PN,53,2300.0,43.4,2
Thu Duc,2 PN,53,1710.0,32.26,2
Thu Duc,2 PN,53,310.0,5.85,2
Thu Duc,2 PN,53,2399.0,45.7,2
Thu Duc,2 PN,52,1600.0,30.77,2
Thu Duc,2 PN,52,490.0,9.42,2
Thu Duc,2 PN,51,1700.0,33.33,2
Thu Duc,2 PN,57,1650.0,28.95,2
